CODIGO_ACCIDENTE,FECHA,GRAVEDAD,CLASE,CHOQUE,DIRECCION,CODIGO_LOCALIDAD
4401438,01/01/2015,2,2,,KR 64A-CL 2C 02,16
4401977,11/01/2015,3,1,1.0,AV AVENIDA CENTENARIO-KR 96G 02,9
4402085,14/01/2015,2,2,,AV AVENIDA CIUDAD DE CALI-CL 38 S 02,8
4402264,16/01/2015,2,1,1.0,KR 4-CL 91 02,2
4402388,18/01/2015,2,1,4.0,TR 50-CL 69D S 04,19
4402502,19/01/2015,3,1,1.0,CL 45-KR 16 02,13
4402632,20/01/2015,2,1,1.0,AC 90-KR 90 03,10
4402803,22/01/2015,3,1,1.0,KR 45-CL 17 02,1
4402808,22/01/2015,2,1,1.0,KR 60-CL 2 02,16
4402811,22/01/2015,2,2,,TR 88-CL 19A 02,9
4403020,24/01/2015,3,1,1.0,CL 78-KR 76 14,10
4403112,25/01/2015,3,1,1.0,AC 100-KR 64 02,12
4403314,27/01/2015,2,2,,DG 80C-KR 17A 02,19
4403448,29/01/2015,3,1,1.0,AV AVENIDA BOYACA-CL 12F S 02,8
4403426,29/01/2015,2,2,,CL 3-KR 26 46,14
4403477,30/01/2015,2,1,1.0,AC 26-KR 29 02,13
4403607,30/01/2015,3,1,1.0,AC 63-KR 85F 02,10
4403916,02/02/2015,3,1,1.0,AK 68-CL 17A 02,16
4410229,06/02/2015,3,1,4.0,CL 92-KR 12 02,2
4404311,07/02/2015,3,1,4.0,CL 53-KR 27A 02,13
4404602,12/02/2015,2,1,1.0,CL 3-KR 39B 02,16
4404655,12/02/2015,2,1,1.0,CL 57-KR 87I 02,7
4404758,12/02/2015,3,1,1.0,CL 37-KR 78G S 02,8
4404763,13/02/2015,3,1,1.0,KR 77J-CL 69B S 02,7
4405057,14/02/2015,3,1,1.0,AC 80-KR 114 02,10
4405066,18/02/2015,2,2,,KR 7-CL 55 37,2
4405530,19/02/2015,3,1,1.0,KR 7-CL 47 02,2
4405601,20/02/2015,3,1,1.0,KR 13-CL 62 02,2
4405607,20/02/2015,3,1,1.0,AK 45-CL 80 60,2
4405616,20/02/2015,3,1,1.0,KR 71B-CL 57B S 02,7
4405620,20/02/2015,3,1,1.0,KR 7-CL 7 ES 02,4
4405773,21/02/2015,3,1,1.0,AV AVENIDA CIUDAD DE VILLAVICENCIO-KR 19 02,19
4405798,22/02/2015,3,1,1.0,DG 44-KR 68B 30,10
4406128,24/02/2015,3,1,1.0,KR 7-CL 60 02,2
4406210,25/02/2015,3,1,1.0,KR 51A-CL 127A 02,11
4406407,28/02/2015,3,1,1.0,CL 137-KR 118 02,11
4406321,03/03/2015,2,2,,KR 34-CL 12 40,16
4406596,05/03/2015,2,2,,AV AVENIDA SUBA-CL 103C 02,11
4407144,09/03/2015,3,1,1.0,CL 24-KR 24F S 02,18
4407142,09/03/2015,3,1,1.0,CL 24-KR 69 02,9
4407172,10/03/2015,3,1,1.0,KR 9-CL 93A 02,2
4407259,10/03/2015,3,1,1.0,CL 134A-KR 9 02,1
4407405,12/03/2015,3,1,1.0,AV AVENIDA CIUDAD DE CALI-CL 25C 02,9
4407422,12/03/2015,3,1,1.0,DG 44B-KR 21 S 02,18
4407498,13/03/2015,3,1,1.0,AK 68-CL 67 75,12
4407735,14/03/2015,3,1,1.0,CL 134-KR 45A 02,11
4407536,15/03/2015,2,2,,AV AVENIDA BOYACA-CL 66A 02,10
4407827,17/03/2015,2,1,1.0,AK 30-CL 43 02,13
4407929,18/03/2015,3,1,1.0,CL 63-KR 70B S 48,19
4408396,20/03/2015,3,1,1.0,CL 62-KR 82 S 51,7
4408125,20/03/2015,2,1,1.0,KR 7-CL 95 02,1
4408116,21/03/2015,2,2,,CL 8-KR 74 S 25,8
4408305,21/03/2015,3,1,1.0,AV AVENIDA DEL SUR-AV AVENIDA CUIDAD DE VILLAVICENCIO 02,7
4408419,22/03/2015,3,1,1.0,CL 55-KR 19B S 46,6
4408304,23/03/2015,2,1,1.0,CL 19-KR 65 39,16
4408450,23/03/2015,3,1,1.0,AV AVENIDA CIUDAD DE CALI-CL 2A 02,8
4408760,28/03/2015,1,1,4.0,CL 38A-KR 50 S 02,16
4409132,31/03/2015,2,2,,KR 80G-CL 41 S 83,8
4409145,02/04/2015,2,1,1.0,AV AVENIDA BOYACA-CL 69B 07,10
4409119,04/04/2015,2,2,,KR 10-CL 52B ES 12,4
4409392,04/04/2015,3,1,1.0,AK 45-CL 168 01,1
4409309,05/04/2015,3,1,1.0,AV AVENIDA BOYACA-AC 65A 02,10
4409416,06/04/2015,3,1,1.0,AV AVENIDA CIRCUNVALAR-CL 92 02,2
4409570,07/04/2015,2,1,1.0,AC 24-KR 119A 02,9
4409881,10/04/2015,3,1,1.0,KR 14V-CL 71 ES 02,5
4409762,10/04/2015,2,2,,AV AVENIDA CARACAS-CL 13 02,3
4409822,11/04/2015,2,1,1.0,CL 54-KR 97 S 02,7
4410063,13/04/2015,3,1,1.0,KR 43-CL 13 02,16
4410273,15/04/2015,3,1,1.0,AV AVENIDA BOYACA-CL 60 S 02,19
4410290,15/04/2015,3,1,1.0,AV AVENIDA SUBA-CL 124 02,11
4410324,16/04/2015,2,2,,CL 2-KR 2 08,3
4410575,17/04/2015,3,1,1.0,KR 76-CL 66 02,10
4411059,23/04/2015,3,1,1.0,CL 13-KR 18 02,14
4411036,24/04/2015,2,6,,AV AVENIDA CARACAS-KR 33A S 24,13
4411212,24/04/2015,3,1,1.0,CL 17-KR 137A 81,9
4411081,25/04/2015,2,2,,KR 97DBIS-CL 42 S 04,8
4411370,27/04/2015,2,6,,KR 13-CL 54BIS 02,1
4411349,27/04/2015,3,1,1.0,AV AVENIDA BOYACA-CL 65B 72,10
4411488,28/04/2015,2,3,,CL 59C-KR 88C S 18,10
4411542,29/04/2015,3,1,1.0,AV AVENIDA BOYACA-CL 78A S 02,5
4411718,02/05/2015,2,1,1.0,AK 30-CL 12A 02,16
4411711,03/05/2015,2,1,1.0,KR 45A-CL 58C S 04,19
4412410,08/05/2015,3,1,1.0,CL 26-KR 70 02,9
4412304,09/05/2015,2,2,,AK 30-CL 70 50,12
4412407,09/05/2015,2,1,4.0,AC 26-KR 15 02,13
4412667,12/05/2015,2,1,1.0,AK 68-CL 55 65,13
4412791,12/05/2015,3,1,1.0,AK 10-CL 10 69,3
4412780,14/05/2015,2,1,1.0,AK 68-CL 12 95,16
4412889,14/05/2015,3,1,1.0,AK 80-CL 43 S 22,8
4412895,14/05/2015,3,1,1.0,KR 15-CL 79 02,2
4412934,15/05/2015,3,1,1.0,CL 19-KR 68A 02,9
4413324,17/05/2015,3,1,1.0,AV AVENIDA CARACAS-CL 44 S 02,6
4413508,21/05/2015,3,1,1.0,AV AVENIDA DEL SUR-CL 51 02,16
4413481,21/05/2015,3,1,1.0,AC 100-KR 15 02,2
4413686,23/05/2015,3,1,1.0,KR 13A-CL 91 53,2
4413877,25/05/2015,2,1,1.0,KR 14-CL 9 02,3
4414641,02/06/2015,3,1,1.0,AK 68-CL 83 02,12
4414709,02/06/2015,2,1,1.0,CL 129-KR 58 51,11
4414557,02/06/2015,2,1,1.0,AC 80-KR 119 02,10
4414789,04/06/2015,3,1,1.0,AC 13-KR 65 02,16
4415078,05/06/2015,3,1,1.0,KR 58-CL 17 13,16
4415667,12/06/2015,2,1,1.0,AC 63-KR 69 02,10
4415658,12/06/2015,2,4,,AV AVENIDA CARACAS-DG 30 02,13
4415556,14/06/2015,2,1,1.0,AV AVENIDA CIUDAD DE VILLAVICENCIO-KR 46A 13,19
4415582,14/06/2015,2,1,1.0,DG 40C-KR 72N S 02,8
4416361,20/06/2015,3,1,1.0,CL 55-KR 87C S 23,7
4416283,22/06/2015,3,1,1.0,AV AVENIDA SUBA-CL 131 02,11
4416401,23/06/2015,3,1,4.0,KR 34-CL 63 S 14,19
4416459,23/06/2015,2,1,1.0,KR 111A-CL 23A 02,9
4416475,24/06/2015,3,1,1.0,KR 60-CL 67B 02,12
4417088,01/07/2015,3,1,1.0,AV AVENIDA BOYACA-KR 33 S 50,6
4417211,04/07/2015,2,4,,AV AVENIDA CUIDAD DE VILLAVICENCIO-AV AVENIDA CIUDAD DE CALI 02,8
4417423,05/07/2015,3,1,1.0,CL 24-KR 80B 02,10
4417553,07/07/2015,2,1,1.0,KR 56A-CL 2A 02,16
4417844,11/07/2015,2,1,1.0,AV AVENIDA CIUDAD DE VILLAVICENCIO-TR 70 02,19
4418014,13/07/2015,3,1,1.0,AV AVENIDA SUBA-CL 127 02,11
4418469,17/07/2015,3,1,1.0,CL 33-KR 19 02,13
4418730,18/07/2015,3,1,1.0,CL 80-KR 73 02,10
4418536,18/07/2015,2,2,,CL 42G-KR 87 S 24,8
4418587,19/07/2015,2,1,1.0,KR 22JBIS-CL 37B S 02,8
4418905,22/07/2015,3,1,1.0,AV AVENIDA BOYACA-CL 170 02,11
4418843,22/07/2015,2,1,1.0,KR 7-CL 10 S 02,4
4419100,24/07/2015,2,2,,AV AVENIDA CIUDAD DE CALI-CL 26 02,9
4419330,26/07/2015,3,1,1.0,KR 14-CL 72A ES 02,5
4419479,27/07/2015,3,1,1.0,AK 7-CL 79B 02,2
4419379,27/07/2015,3,1,1.0,AC 24-KR 74A 20,9
4419496,28/07/2015,3,1,1.0,CL 38-KR 68DBIS S 02,8
4419456,28/07/2015,3,1,1.0,AV AVENIDA DE LAS AMERICAS-KR 44 02,16
4419494,28/07/2015,3,1,1.0,AK 30-CL 48 02,13
4419555,29/07/2015,3,1,1.0,AV AVENIDA BOYACA-CL 128B 02,11
4419786,01/08/2015,2,2,,KR 54-CL 47 S 05,6
4419960,03/08/2015,3,1,1.0,AV AVENIDA DE LAS AMERICAS-KR 28 02,14
4419961,03/08/2015,3,1,1.0,CL 17-KR 50 S 02,16
4420435,06/08/2015,3,1,1.0,KR 105F-CL 70 02,10
4420242,06/08/2015,2,2,,KR 78-CL 8C S 02,8
4421936,06/08/2015,3,1,1.0,AK 68-CL 53 02,10
4420212,06/08/2015,2,1,1.0,KR 23-CL 140 02,1
4420410,07/08/2015,3,1,1.0,CL 127-KR 17A 02,1
4420298,07/08/2015,2,2,,CL 13-KR 106 02,9
4420371,07/08/2015,2,1,1.0,AK 45-CL 81 02,12
4420806,14/08/2015,2,2,,CL 68-KR 55 44,12
4420929,14/08/2015,3,1,1.0,CL 100-KR 49 85,12
4421368,20/08/2015,3,1,1.0,KR 7-CL 94 11,2
4421413,21/08/2015,2,1,1.0,CL 153-KR 55A 02,11
4422144,29/08/2015,3,1,1.0,AV AVENIDA CIUDAD DE CALI-CL 6 S 02,8
4422396,01/09/2015,2,1,1.0,CL 42A-KR 86F S 02,8
4422594,02/09/2015,3,1,1.0,CL 26-KR 32 02,13
4422668,03/09/2015,3,1,1.0,KR 16-CL 62 02,12
4423059,07/09/2015,3,1,1.0,AK 45-CL 123 02,1
4423166,09/09/2015,1,2,,AV AVENIDA CENTENARIO-KR 96B 49,9
4423202,09/09/2015,2,2,,AV AVENIDA DE LAS AMERICAS-KR 32 02,16
4423246,10/09/2015,3,1,1.0,CL 64-KR 2 S 02,5
4423456,11/09/2015,2,1,1.0,AK 30-CL 17 S 02,15
4423596,12/09/2015,3,1,1.0,KR 72-CL 99 02,11
4423697,14/09/2015,3,1,1.0,CL 172C-KR 15 02,1
4423810,15/09/2015,3,1,1.0,CL 73-KR 9 02,2
4423905,16/09/2015,3,1,1.0,KR 15-CL 116 02,1
4423898,16/09/2015,3,1,1.0,AC 26-KR 86 02,9
4424375,20/09/2015,3,1,4.0,KR 78-CL 51 S 12,8
4424297,21/09/2015,3,1,1.0,TR 33-CL 51A S 02,6
4424548,23/09/2015,3,1,1.0,AV AVENIDA CIUDAD DE CALI-CL 38D 10,8
4425845,23/09/2015,3,1,1.0,CL 13-KR 72 30,9
4424697,25/09/2015,2,1,1.0,KR 9-CL 106 02,1
4424846,27/09/2015,3,1,1.0,KR 10-CL 48F S 79,18
4425359,30/09/2015,3,1,1.0,AV AVENIDA CIUDAD DE CALI-CL 16C 04,8
4425457,01/10/2015,3,1,1.0,CL 59-KR 4 SE 02,5
4425467,02/10/2015,3,1,1.0,KR 70-CL 9 02,8
4425533,02/10/2015,3,1,1.0,CL 48C-KR 24C S 02,6
4425731,04/10/2015,3,1,1.0,CL 25-KR 40 50,13
4425909,05/10/2015,2,2,,KR 87D-CL 129F 38,11
4426003,08/10/2015,1,1,1.0,CL 145-KR 114 02,11
4426182,12/10/2015,2,1,1.0,AV AVENIDA CARACAS-AV AVENIDA PRIMERO DE MAYO 02,18
4426496,14/10/2015,2,1,1.0,CL 162-KR 8 02,1
4426526,14/10/2015,3,1,1.0,AV AVENIDA BOYACA-CL 170 02,11
4426563,15/10/2015,2,1,1.0,AV AVENIDA SUBA-KR 89 02,11
4426626,15/10/2015,3,1,1.0,AV AVENIDA CIUDAD DE CALI-CL 132 02,11
4426669,16/10/2015,3,1,1.0,AV AVENIDA DEL SUR-KR 52 02,16
4426851,17/10/2015,3,1,1.0,CL 64-KR 37 S 02,19
4426811,17/10/2015,3,1,1.0,KR 24-CL 63 50,12
4426920,17/10/2015,3,1,1.0,AK 45-CL 232 02,1
4427335,18/10/2015,2,2,,CL 51A-KR 84 02,8
4426928,18/10/2015,3,1,1.0,AK 19-CL 139 02,1
4427018,20/10/2015,2,4,,AC 100-KR 21 46,1
4427371,24/10/2015,2,1,1.0,KR 17-CL 65 S 02,19
4427909,27/10/2015,3,1,1.0,KR 77A-CL 64F 02,10
4427920,28/10/2015,2,1,1.0,CL 127-KR 18C 24,1
4427833,28/10/2015,3,1,1.0,KR 11-CL 3 S 22,15
4427936,28/10/2015,3,1,1.0,TR 158-DG 130 02,11
4427919,28/10/2015,3,1,1.0,CL 24C-KR 86 02,9
4428008,29/10/2015,2,2,,KR 59-CL 131A 38,11
4428504,31/10/2015,3,1,1.0,KR 9-CL 127C 36,1
4428211,31/10/2015,3,1,1.0,KR 7-CL 170 02,1
4428316,31/10/2015,3,1,1.0,KR 72N-CL 38B S 02,8
4428256,02/11/2015,3,1,4.0,CL 5C-KR 54 02,16
4428605,05/11/2015,3,1,1.0,CL 138-KR 53A 02,11
4428799,07/11/2015,3,1,1.0,KR 7-CL 11 S 02,4
4428914,08/11/2015,3,1,1.0,KR 45-CL 172A 02,1
4429031,09/11/2015,3,1,1.0,KR 33-CL 42 S 02,6
4429078,10/11/2015,3,1,1.0,CL 181-KR 116A 36,10
4429115,10/11/2015,2,2,,AV AVENIDA BOYACA-CL 34 S 04,8
4429386,13/11/2015,3,1,1.0,CL 132D-KR 152 02,11
4429458,13/11/2015,3,1,1.0,CL 17-KR 123B 02,9
4429474,14/11/2015,3,1,1.0,CL 11-KR 1A SE 44,4
4429600,15/11/2015,3,1,1.0,AV AVENIDA BOYACA-CL 7B S 02,8
4429605,16/11/2015,3,1,1.0,AV AVENIDA DE LAS AMERICAS-CL 14 02,16
4429665,18/11/2015,2,1,1.0,CL 80-TR 89 02,10
4430133,22/11/2015,3,1,1.0,CL 72-KR 69G 02,10
4432549,22/11/2015,2,1,1.0,CL 163B-KR 48 18,11
4430235,23/11/2015,3,1,4.0,AV AVENIDA CENTENARIO-KR 90 95,9
4430288,24/11/2015,3,1,1.0,AK 45-CL 170 02,11
4430310,24/11/2015,2,4,,KR 94-CL 130F 02,11
4430261,24/11/2015,3,1,1.0,AK 50-CL 45A S 02,16
4430627,26/11/2015,3,1,1.0,CL 8-KR 35A S 02,16
4430537,27/11/2015,2,2,,AK 50-CL 2D 02,16
4430565,27/11/2015,2,2,,KR 68-CL 42 S 02,16
4430687,27/11/2015,3,1,1.0,KR 16B-CL 17A 02,3
4430587,27/11/2015,2,4,,AV AVENIDA CIUDAD DE CALI-CL 51 85,10
4430778,28/11/2015,2,1,1.0,CL 72-KR 91 02,10
4431391,05/12/2015,3,1,1.0,KR 14-CL 55 S 02,5
4431460,07/12/2015,2,2,,KR 132D-CL 149C 53,11
4431433,08/12/2015,2,4,,KR 91-CL 89B 02,10
4431853,11/12/2015,3,1,1.0,CL 26-KR 51 02,13
4432058,13/12/2015,2,1,1.0,AC 13-KR 42 02,16
4431927,13/12/2015,3,1,1.0,AK 45-CL 245 02,11
4432097,14/12/2015,3,1,1.0,CL 26-KR 25 02,13
4432150,15/12/2015,3,1,1.0,AK 68-CL 43 02,13
4432287,16/12/2015,3,1,1.0,CL 92-KR 19C 87,2
4432622,19/12/2015,2,1,1.0,AV AVENIDA CIUDAD DE CALI-KR 26 02,9
4432775,21/12/2015,3,1,1.0,KR 87I-CL 34A S 02,8
4432920,23/12/2015,3,1,1.0,KR 15A-CL 127 02,1
4433149,27/12/2015,3,1,1.0,AC 80-KR 58 02,12
4433222,28/12/2015,3,1,1.0,KR 15-CL 127 02,1
4433403,28/12/2015,3,1,1.0,AK 45-CL 170 02,1
4433459,01/01/2016,2,1,4.0,AK 30-CL 20 02,13
4433924,09/01/2016,3,1,1.0,KR 30-CL 22 02,14
4433962,11/01/2016,3,1,1.0,KR 6-CL 25C ES 18,4
4434123,13/01/2016,3,1,1.0,CL 4B-KR 56B 02,16
4434188,13/01/2016,2,1,1.0,CL 138-KR 54D 02,11
4434166,14/01/2016,2,1,1.0,KR 18-CL 5 02,14
4434208,14/01/2016,3,1,4.0,CL 116-KR 45 03,11
4434237,15/01/2016,3,1,1.0,AV AVENIDA BOYACA-AC 80 02,10
4435064,25/01/2016,3,1,1.0,CL 17-KR 69 94,9
4435175,27/01/2016,3,1,1.0,AK 68-CL 95 02,12
4435352,28/01/2016,3,1,1.0,KR 4-CL 6 02,17
4435426,30/01/2016,2,1,1.0,CL 45A-KR 50A S 91,16
4435876,03/02/2016,3,1,4.0,CL 62-KR 3 25,2
4436089,06/02/2016,3,1,4.0,CL 9D-KR 70 19,8
4436101,06/02/2016,3,1,1.0,AV AVENIDA SUBA-CL 90 02,11
4436047,06/02/2016,2,1,1.0,KR 40-CL 21 02,16
4436058,07/02/2016,2,1,1.0,AV AVENIDA BOYACA-KR 138 02,11
4436238,08/02/2016,3,1,1.0,AV AVENIDA CARACAS-CL 17 S 02,15
4436515,11/02/2016,3,1,1.0,KR 8-CL 187A 02,1
4436596,12/02/2016,3,1,1.0,KR 8A-CL 106 02,1
4436607,12/02/2016,3,1,1.0,AV AVENIDA BOYACA-CL 2B 02,8
4436657,12/02/2016,2,2,,KR 13F-CL 58A S 02,6
4436697,13/02/2016,3,1,1.0,CL 53-KR 72 02,10
4437058,17/02/2016,3,1,1.0,AK 45-CL 186 02,11
4437063,17/02/2016,3,1,1.0,KR 17-CL 63 02,2
4437140,18/02/2016,3,1,1.0,CL 80-KR 69 02,10
4437386,20/02/2016,3,1,1.0,KR 112A-CL 73A 02,10
4437411,21/02/2016,3,1,1.0,AV AVENIDA DEL SUR-CL 63 S 02,7
4437317,21/02/2016,2,2,,AV AVENIDA BOYACA-CL 130 02,11
4437519,23/02/2016,3,1,1.0,CL 64BBIS-KR 85L 02,10
4437623,24/02/2016,2,1,1.0,AV AVENIDA BOYACA-CL 128 02,11
4437678,24/02/2016,3,1,1.0,CL 106-KR 8 02,1
4437712,25/02/2016,2,1,1.0,KR 7-CL 52 02,2
4437799,26/02/2016,3,1,1.0,KR 18-CL 7 02,14
4438032,27/02/2016,3,1,1.0,AK 45-CL 175 02,1
4437920,27/02/2016,2,2,,KR 4-CL 91 02,2
4439765,02/03/2016,2,2,,AC 63-KR 18 41,13
4438645,04/03/2016,3,1,1.0,CL 24-KR 118A 02,9
4438876,07/03/2016,2,4,,KR 11-CL 89 02,2
4438927,08/03/2016,3,1,1.0,CL 13-KR 4 67,17
4439345,12/03/2016,3,1,1.0,CL 63-KR 68 02,10
4442809,13/03/2016,2,2,,KR 87C-CL 67 S 02,7
4439467,14/03/2016,3,1,4.0,KR 65-CL 4D 64,16
4439452,14/03/2016,3,1,1.0,KR 86-CL 6 8,8
4439730,16/03/2016,3,1,1.0,KR 31-CL 13 02,16
4439768,17/03/2016,2,1,1.0,AV AVENIDA PRIMERO DE MAYO-KR 71A 02,8
4439744,18/03/2016,3,1,1.0,AC 145-KR 106B 02,11
4439941,18/03/2016,3,1,1.0,KR 69-CL 31 S 02,8
4440297,25/03/2016,2,1,1.0,AV AVENIDA BOYACA-CL 169B 02,11
4440633,29/03/2016,3,1,1.0,KR 24-CL 19 S 02,15
4440615,29/03/2016,3,1,1.0,KR 1-CL 32 02,3
4440934,01/04/2016,3,1,1.0,CL 235-KR 16 02,11
4441220,04/04/2016,2,1,1.0,KR 15A-CL 57 ES 02,4
4441263,04/04/2016,3,1,1.0,CL 76BIS-KR 94 02,10
4441325,05/04/2016,3,1,1.0,KR 1-CL 12B 02,17
4441964,06/04/2016,3,1,1.0,KR 18-CL 3A 04,14
4441613,07/04/2016,3,1,1.0,KR 30-CL 6 02,14
4441772,10/04/2016,2,1,1.0,AV AVENIDA CIUDAD DE CALI-CL 11 02,8
4441881,11/04/2016,3,1,1.0,AK 45-CL 128 21,1
4442060,12/04/2016,2,2,,CL 75-KR 80 S 02,7
4441947,12/04/2016,3,1,1.0,CL 2-KR 6 E 08,14
4441996,12/04/2016,3,1,1.0,AV AVENIDA BOYACA-CL 152 02,11
4442079,12/04/2016,3,1,1.0,KR 98A-CL 68 02,10
4442101,13/04/2016,3,1,1.0,CL 80-KR 78BIS 02,10
4442381,15/04/2016,3,1,1.0,CL 59-KR 77G S 02,7
4442628,15/04/2016,3,1,1.0,CL 170-KR 9 02,1
4442303,15/04/2016,3,1,1.0,KR 67-CL 3 02,16
4442447,16/04/2016,3,1,1.0,CL 69-KR 15 02,12
4442739,20/04/2016,3,1,1.0,CL 127-KR 9 02,1
4443126,22/04/2016,3,1,1.0,CL 26-KR 48 02,12
4443246,24/04/2016,3,1,1.0,CL 6BISA-KR 90A 50,8
4443177,24/04/2016,3,1,1.0,TR 80D-CL 71A S 02,7
4443241,25/04/2016,3,1,1.0,CL 174-KR 114 02,11
4443634,28/04/2016,2,2,,KR 78B-CL 38 S 02,8
4443695,29/04/2016,3,1,1.0,KR 74-CL 167 02,11
4444269,04/05/2016,2,4,,KR 76-CL 81BIS 02,10
4444276,05/05/2016,2,2,,AV AVENIDA CARACAS-CL 38 S 92,18
4444588,06/05/2016,3,1,1.0,AV AVENIDA BOYACA-CL 80 02,10
4444572,06/05/2016,3,1,1.0,CL 66-KR 98BIS 02,10
4444435,07/05/2016,2,2,,KR 89-CL 5A S 02,8
4444451,08/05/2016,2,1,5.0,CL 139-KR 94 02,11
4444849,09/05/2016,3,1,1.0,AV AVENIDA DE LAS AMERICAS-AV AVENIDA BOYACA 02,8
4444666,10/05/2016,3,1,1.0,KR 68-CL 17 02,16
4444946,10/05/2016,3,1,1.0,CL 49-KR 1C SE 02,4
4444838,11/05/2016,3,1,1.0,CL 100-KR 47 02,1
4445241,13/05/2016,3,1,1.0,KR 68-CL 53 02,13
4445271,14/05/2016,3,1,1.0,CL 43-KR 78F S 02,8
4445273,14/05/2016,3,1,1.0,AK 24-CL 116 02,9
4445436,15/05/2016,3,1,1.0,KR 54-CL 151 02,11
4445356,16/05/2016,3,1,1.0,KR 43-CL 12B 02,16
4445456,16/05/2016,2,1,1.0,KR 50-CL 126 02,11
4445655,18/05/2016,3,1,1.0,CL 19-KR 105 02,9
4445637,18/05/2016,3,1,1.0,KR 110BIS-CL 64D 02,10
4446241,23/05/2016,3,1,1.0,CL 6-KR 75 02,8
4446470,26/05/2016,2,2,,KR 37-CL 1C 02,16
4446490,26/05/2016,2,1,1.0,KR 33-CL 43B S 04,6
4446876,28/05/2016,3,1,1.0,AV AVENIDA CARACAS-KR 76 02,2
4446727,29/05/2016,2,1,1.0,AV AVENIDA CARACAS-CL 11 S 02,15
4446724,29/05/2016,2,1,1.0,AC 17-KR 80A 70,9
4447365,04/06/2016,2,3,,AC 26-KR 100 97,9
4447518,04/06/2016,3,1,1.0,CL 66-KR 27 02,12
4447368,05/06/2016,2,1,1.0,KR 54-CL 49 S 02,6
4447837,09/06/2016,3,1,1.0,KR 9-CL 164 02,1
4448217,11/06/2016,3,1,1.0,AV AVENIDA DE LAS AMERICAS-KR 61 02,16
4448361,14/06/2016,2,1,1.0,AV AVENIDA CARACAS-CL 45 02,13
4448375,14/06/2016,3,1,1.0,AV AVENIDA DE LAS AMERICAS-AV AVENIDA BOYACA 02,8
4448498,15/06/2016,3,1,1.0,CL 26-KR 53 02,13
4448657,17/06/2016,3,1,1.0,KR 7-CL 75 02,2
4448814,18/06/2016,2,1,1.0,KR 20-CL 30 S 02,18
4448955,20/06/2016,1,1,1.0,TR 127-CL 139 02,11
4449105,21/06/2016,3,1,1.0,AC 13-KR 69 02,9
4449179,22/06/2016,3,1,1.0,KR 69F-CL 17A 02,9
4449255,23/06/2016,2,3,,KR 13-CL 82 02,2
4449328,24/06/2016,2,2,,KR 1F-CL 48X S 51,18
4449589,25/06/2016,2,1,1.0,KR 14-CL 55 02,2
4449616,27/06/2016,2,1,1.0,AK 27-CL 2 02,14
4449871,28/06/2016,3,1,1.0,TR 106-CL 72A 02,10
4449911,29/06/2016,2,2,,AV AVENIDA CIUDAD DE VILLAVICENCIO-KR 32 02,19
4449943,30/06/2016,3,1,1.0,CL 68-KR 59 05,12
4450078,01/07/2016,2,2,,AV AVENIDA CARACAS-CL 26 02,3
4450331,03/07/2016,3,1,4.0,AV AVENIDA DE LAS AMERICAS-KR 30 02,12
4450511,05/07/2016,3,1,1.0,CL 127D-KR 53A 02,11
4450597,05/07/2016,3,1,4.0,DG 61A-KR 61A 31,6
4450977,11/07/2016,2,1,1.0,AK 50-CL 5C 02,16
4451049,12/07/2016,2,1,1.0,KR 19C-CL 41 S 02,6
4451213,13/07/2016,3,1,1.0,AV AVENIDA BOYACA-CL 85 02,11
4451545,16/07/2016,3,1,1.0,KR 24-CL 27 S 02,18
4451554,16/07/2016,3,1,1.0,KR 28-CL 55 S 02,6
4451564,16/07/2016,3,1,1.0,AV AVENIDA BOYACA-CL 90 S 02,5
4451719,18/07/2016,3,1,1.0,CL 129-KR 50A 27,11
4451790,19/07/2016,3,1,1.0,AV AVENIDA DE LAS AMERICAS-CL 50 02,16
4451934,21/07/2016,2,1,1.0,AV AVENIDA PRIMERO DE MAYO-KR 51A 02,8
4452129,23/07/2016,2,2,,KR 185-CL 69K S 02,19
4452521,26/07/2016,3,1,1.0,CL 43-KR 79 S 02,8
4452547,27/07/2016,3,1,1.0,KR 69-CL 26 S 02,8
4452498,27/07/2016,2,1,1.0,KR 96G-CL 20D 04,9
4452642,28/07/2016,3,1,1.0,KR 7-CL 145 02,2
4452849,29/07/2016,3,1,1.0,KR 36-CL 5C 02,16
4453679,30/07/2016,3,1,1.0,AV AVENIDA BOYACA-CL 72 31,10
4452992,31/07/2016,3,1,1.0,CL 22F-KR 116 02,9
4453285,01/08/2016,2,6,,AV AVENIDA BOYACA-KR 69B 02,8
4453505,05/08/2016,2,1,4.0,KR 4A-CL 66 02,2
4453742,08/08/2016,3,1,1.0,KR 119-CL 24 02,9
4454277,11/08/2016,3,1,1.0,AV AVENIDA BOYACA-CL 17 02,9
4454030,11/08/2016,2,3,,KR 3-CL 9 E 27,17
4454279,11/08/2016,3,1,1.0,CL 80-KR 90A 02,10
4454778,12/08/2016,3,1,4.0,CL 45-KR 6A SE 45,4
4454188,13/08/2016,2,2,,AV AVENIDA DE LAS AMERICAS-KR 71C 02,8
4454429,13/08/2016,3,1,1.0,AV AVENIDA CIUDAD DE CALI-CL 6 02,8
4454303,14/08/2016,3,1,1.0,CL 55A-KR 12B S 02,6
4454395,14/08/2016,3,1,1.0,AV AVENIDA CIUDAD DE CALI-CL 26 02,10
4454663,17/08/2016,3,1,1.0,KR 24-CL 56A S 02,6
4454799,19/08/2016,3,1,1.0,AV AVENIDA BOYACA-CL 39A S 02,8
4455061,21/08/2016,3,1,4.0,KR 107-CL 22J 86,9
4455013,21/08/2016,3,1,1.0,KR 4-CL 91 02,2
4454789,21/08/2016,1,2,,AV AVENIDA BOYACA-CL 75A 22,10
4455135,22/08/2016,3,1,1.0,AC 13-KR 79 27,9
4455069,22/08/2016,3,1,1.0,AV AVENIDA LUIS CARLOS GALAN-KR 68D 02,9
4455703,27/08/2016,3,1,1.0,CL 81-KR 9 S 02,5
4455937,28/08/2016,3,1,1.0,KR 18-CL 93A 02,2
4455964,30/08/2016,2,3,,AV AVENIDA BOYACA-CL 12D 02,11
4455986,30/08/2016,3,1,1.0,CL 19A-KR 72 57,9
4456073,31/08/2016,3,1,1.0,KR 7-CL 33 02,3
4456141,01/09/2016,2,1,1.0,CL 72A-KR 68G 02,10
4456290,02/09/2016,3,1,1.0,AC 26-TR 93 02,15
4456296,03/09/2016,2,2,,CL 84-KR 13 02,2
4456420,03/09/2016,3,1,1.0,DG 62-KR 20F S 02,19
4456298,03/09/2016,2,1,4.0,CL 25G-KR 95A 51,9
4456423,04/09/2016,3,1,1.0,AC 100-KR 47 02,12
4456458,04/09/2016,3,1,1.0,KR 5-CL 48Q S 02,18
4456549,05/09/2016,3,1,1.0,CL 64D-KR 69L 02,10
4456860,07/09/2016,3,1,1.0,KR 45-CL 131 45,1
4456907,07/09/2016,2,1,1.0,AK 30-CL 88 02,12
4456886,08/09/2016,3,1,1.0,AK 45-CL 134A 02,1
4456890,08/09/2016,3,1,1.0,CL 100-KR 9 02,1
4457002,10/09/2016,2,1,1.0,CL 62-KR 20F S 02,19
4457210,11/09/2016,3,1,4.0,DG 73C-KR 78B S 02,19
4457366,13/09/2016,3,1,1.0,KR 7-CL 134 02,11
4457515,13/09/2016,3,1,1.0,KR 50-CL 3 02,16
4457666,16/09/2016,1,2,,AV AVENIDA DE LAS AMERICAS-KR 64A 21,16
4458018,17/09/2016,3,1,1.0,KR 9-CL 75 02,2
4457765,17/09/2016,2,1,1.0,CL 127-KR 58 02,11
4457909,18/09/2016,3,1,1.0,CL 53-KR 77A 02,10
4458304,19/09/2016,3,1,1.0,CL 170-KR 72 02,11
4458103,20/09/2016,2,4,,AC 72-KR 70 43,10
4458198,21/09/2016,2,2,,CL 2-KR 57A 39,16
4458836,24/09/2016,3,1,4.0,AK 60-CL 24 03,13
4458837,26/09/2016,3,1,1.0,CL 116-KR 11B 02,1
4458958,27/09/2016,3,1,1.0,CL 39-KR 24 02,13
4459189,27/09/2016,2,1,1.0,CL 170-KR 8 80,1
4458773,27/09/2016,2,1,1.0,KR 30-CL 54 02,13
4459027,29/09/2016,3,1,1.0,AK 86-CL 71B 02,10
4459321,30/09/2016,3,1,1.0,KR 7-CL 116 02,1
4459380,01/10/2016,3,1,1.0,KR 55A-CL 167 02,11
4459423,02/10/2016,3,1,1.0,CL 135-KR 126BIS 02,11
4459654,04/10/2016,3,1,4.0,CL 17C-KR 134 02,9
4459760,04/10/2016,3,1,1.0,KR 78K-CL 38 S 02,8
4459926,06/10/2016,3,1,1.0,KR 9-CL 134 02,1
4459927,06/10/2016,1,2,,KR 9-CL 52A 02,2
4460202,08/10/2016,3,1,1.0,KR 5-CL 28 06,3
4459954,09/10/2016,1,2,,AV AVENIDA SUBA-CL 115 02,11
4460297,10/10/2016,2,1,1.0,KR 40-CL 24 02,13
4460377,10/10/2016,3,1,1.0,KR 53-CL 28 02,13
4460369,10/10/2016,3,1,1.0,DG 16-KR 88 02,9
4460515,11/10/2016,3,1,1.0,KR 56-CL 72 02,12
4460767,14/10/2016,2,1,1.0,KR 20C-CL 73 02,12
4461234,19/10/2016,3,1,1.0,KR 17H-CL 76 ES 46,5
4461135,19/10/2016,2,2,,KR 58C-CL 152B 02,11
4461338,19/10/2016,3,1,1.0,KR 24-CL 55 S 02,6
4461316,19/10/2016,3,1,1.0,CL 64-KR 123 02,10
4461460,20/10/2016,3,1,1.0,AK 45-CL 205 02,1
4461714,22/10/2016,3,1,1.0,KR 68A-CL 39I S 15,8
4461627,23/10/2016,3,1,1.0,CL 100-KR 60 02,12
4461530,23/10/2016,2,1,1.0,KR 9-CL 52 S 02,6
4461988,25/10/2016,3,1,1.0,KR 19-CL 65 02,12
4462007,26/10/2016,3,1,1.0,CL 134A-KR 17 02,1
4462050,26/10/2016,3,1,1.0,AV AVENIDA BOYACA-CL 8 02,8
4462099,27/10/2016,2,1,1.0,AV AVENIDA PRIMERO DE MAYO-KR 52B 02,16
4462350,29/10/2016,2,1,1.0,CL 42A-KR 80F 02,8
4462537,29/10/2016,3,1,1.0,CL 93-KR 19 02,2
4462566,30/10/2016,3,1,1.0,KR 68-CL 46A 02,13
4462336,30/10/2016,2,2,,CL 80-KR 77 02,10
4462622,31/10/2016,3,1,1.0,CL 134-KR 112 02,11
4462940,02/11/2016,3,1,1.0,CL 63-KR 81D S 02,7
4463019,03/11/2016,3,1,1.0,CL 101-KR 8 04,1
4462896,03/11/2016,2,1,1.0,KR 87-CL 7 02,8
4462978,03/11/2016,2,2,,KR 18C-CL 25 S 43,18
4463298,05/11/2016,3,1,1.0,KR 45-CL 169 02,1
4463200,06/11/2016,3,1,1.0,CL 138-KR 54D 02,11
4463377,07/11/2016,3,1,1.0,AK 45-CL 81 02,2
4463382,07/11/2016,3,1,1.0,KR 7-CL 120 02,1
4463790,08/11/2016,3,1,1.0,CL 65-KR 4 02,2
4463497,08/11/2016,3,1,1.0,KR 60-CL 63 02,12
4463846,11/11/2016,2,1,1.0,KR 24-CL 33 S 06,18
4464128,12/11/2016,3,1,1.0,KR 72-CL 21 02,9
4464040,14/11/2016,2,1,1.0,KR 87C-CL 62B S 02,7
4464052,14/11/2016,2,1,1.0,KR 30-CL 66 02,12
4464662,16/11/2016,3,1,1.0,CL 63-KR 70B S 48,19
4464686,16/11/2016,3,1,1.0,KR 30-CL 1 02,14
4464560,20/11/2016,2,1,1.0,CL 76-KR 22 02,12
4465031,21/11/2016,3,1,1.0,CL 13-KR 68D 02,9
4465215,23/11/2016,3,1,1.0,KR 9-CL 127B 02,1
4465531,25/11/2016,3,1,1.0,CL 27-KR 3 SE 11,4
4465564,26/11/2016,3,1,1.0,CL 153-KR 45 02,1
4465616,28/11/2016,2,1,1.0,CL 22B-KR 26 02,14
4466062,30/11/2016,3,1,1.0,CL 137-KR 50 02,11
4466165,02/12/2016,3,1,1.0,AV AVENIDA DE LA CONSTITUCION-KR 56 02,16
4466200,02/12/2016,3,1,1.0,AV AVENIDA BOYACA-CL 35 S 02,8
4466228,02/12/2016,3,1,1.0,CL 116-KR 71D 89,11
4466407,03/12/2016,2,3,,AK 45-CL 127 02,1
4466416,04/12/2016,2,3,,AV AVENIDA BOYACA-CL 152 02,11
4466400,06/12/2016,2,1,1.0,AV AVENIDA CARACAS-CL 75 S 65,5
4466753,06/12/2016,3,1,1.0,CL 63-KR 13 02,2
4466520,06/12/2016,3,1,1.0,AV AVENIDA PRIMERA DE MAYO-KR 38 02,16
4466956,09/12/2016,3,1,1.0,CL 80-KR 77 02,10
4466988,09/12/2016,3,1,1.0,CL 64-KR 196 S 02,19
4467175,11/12/2016,3,1,1.0,AV AVENIDA BOYACA-CL 63 02,10
4467094,11/12/2016,3,1,1.0,CL 2-KR 26 02,14
4467083,11/12/2016,3,1,4.0,CL 68G-KR 48H S 33,19
4466860,11/12/2016,2,1,1.0,KR 10-CL 134 02,1
4467477,14/12/2016,3,1,1.0,AK 68-CL 72 02,12
4467864,18/12/2016,3,1,1.0,AV AVENIDA SUBA-TR 83 02,11
4467891,18/12/2016,3,1,1.0,KR 75-CL 57R S 91,19
4467897,19/12/2016,3,1,1.0,KR 7-CL 158 02,1
4468031,20/12/2016,2,1,1.0,CL 20A-KR 96C 02,9
4468095,21/12/2016,3,1,1.0,KR 72-CL 44 S 02,8
4468242,22/12/2016,3,1,1.0,CL 132-KR 137 02,11
4468564,23/12/2016,3,1,1.0,KR 13-CL 1 S 02,15
4468305,24/12/2016,2,1,1.0,KR 89B-CL 56F S 02,7
4468307,24/12/2016,2,1,1.0,CL 45-KR 72M S 54,8
4469098,02/01/2017,3,1,1.0,KR 20A-CL 74 02,12
4469191,02/01/2017,3,1,1.0,CL 13-KR 68B 02,9
4469163,03/01/2017,3,1,4.0,CL 17-KR 104 02,9
4469150,03/01/2017,2,4,,KR 7-CL 61 02,2
4469301,05/01/2017,3,1,1.0,KR 111C-CL 70B 02,10
4469372,06/01/2017,3,1,4.0,CL 26-KR 39 02,13
4469677,07/01/2017,2,2,,KR 58B-CL 165A 71,11
4469779,11/01/2017,3,1,1.0,AV AVENIDA BOYACA-CL 73 02,10
4469714,12/01/2017,3,1,1.0,CL 45C-KR 22 02,13
4470050,16/01/2017,3,1,1.0,AK 45-CL 195 02,1
4470046,16/01/2017,3,1,1.0,CL 119A-KR 7 02,1
4470086,16/01/2017,2,2,,CL 17-KR 96B 02,9
4470159,17/01/2017,3,1,1.0,KR 7-CL 72 02,2
4470314,17/01/2017,3,1,1.0,CL 74-KR 116C 02,10
4470244,17/01/2017,3,1,1.0,CL 26-KR 86 02,10
4470271,18/01/2017,2,1,1.0,KR 51D-CL 40 S 02,16
4470554,21/01/2017,3,1,1.0,CL 80-KR 94 02,10
4470550,22/01/2017,3,1,1.0,KR 69B-CL 36 02,8
4470619,22/01/2017,2,2,,KR 50-CL 59 02,13
4470637,23/01/2017,3,1,1.0,AC 29-KR 30 S 02,15
4470712,24/01/2017,2,1,1.0,CL 7-KR 87B 02,8
4470964,25/01/2017,2,2,,KR 8C-CL 75C ES 02,5
4470900,26/01/2017,1,1,1.0,AK 45-CL 106 76,1
4471009,27/01/2017,3,1,1.0,CL 100-KR 19 02,1
4471189,28/01/2017,3,1,1.0,KR 14-CL 45 S 02,5
4471465,30/01/2017,3,1,1.0,CL 72-KR 68F 18,10
4471868,03/02/2017,2,2,,AC 36-KR 21 S 35,18
4471688,05/02/2017,2,1,1.0,KR 50-CL 23 02,13
4471936,05/02/2017,3,1,1.0,CL 54-KR 93C S 02,7
4472184,06/02/2017,3,1,1.0,CL 170-KR 21 02,1
4472004,06/02/2017,3,1,1.0,CL 26-KR 66 02,9
4472179,07/02/2017,3,1,1.0,KR 69D-CL 2A S 02,8
4472517,10/02/2017,2,3,,KR 30-CL 3 02,16
4472595,10/02/2017,3,1,4.0,CL 11-KR 31 S 02,16
4472691,11/02/2017,3,1,1.0,CL 40A-KR 30 02,13
4472665,13/02/2017,2,1,1.0,KR 93C-CL 50 S 02,7
4472948,15/02/2017,3,1,1.0,KR 97-CL 24 02,9
4473043,16/02/2017,3,1,1.0,AK 68-CL 78BIS 02,12
4473738,22/02/2017,2,1,1.0,KR 101-CL 148 02,11
4473736,22/02/2017,2,1,1.0,KR 81G-CL 65 S 02,7
4473718,23/02/2017,2,1,1.0,KR 89-CL 130 02,11
4474036,24/02/2017,3,1,1.0,KR 92-CL 165 02,11
4474188,24/02/2017,3,1,1.0,AV AVENIDA BOYACA-CL 60B S 02,19
4474142,25/02/2017,3,1,1.0,AV AVENIDA BOYACA-CL 23F 02,9
4474316,25/02/2017,3,1,1.0,CL 61B-KR 19D 15,19
4474466,28/02/2017,3,1,1.0,KR 30-CL 08 02,14
4474908,04/03/2017,3,1,1.0,KR 24-CL 49 S 02,6
4482406,04/03/2017,3,1,1.0,KR 15-CL 58 S 02,6
4474837,04/03/2017,3,1,1.0,CL 139-KR 118 02,11
4474986,06/03/2017,3,1,1.0,KR 30-CL 23BIS 02,14
4474740,06/03/2017,2,1,1.0,CL 62-KR 86A S 02,7
4475188,07/03/2017,3,1,1.0,AV AVENIDA DEL SUR-CL 65A S 02,7
4475173,08/03/2017,3,1,1.0,KR 94-CL 75L 02,10
4475118,08/03/2017,3,1,1.0,KR 19-CL 65 02,12
4475286,09/03/2017,3,1,1.0,CL 60-KR 7 62,2
4475424,10/03/2017,2,1,1.0,CL 51-KR 38 S 25,6
4475489,11/03/2017,3,1,1.0,AK 45-CL 130 35,1
4475619,13/03/2017,3,1,1.0,KR 91-CL 145B 84,11
4475669,13/03/2017,2,1,1.0,CL 49-KR 81H S 02,8
4475477,13/03/2017,2,2,,AV AVENIDA CARACAS-CL 17 02,3
4475712,13/03/2017,3,1,1.0,KR 11-CL 187 02,1
4475685,14/03/2017,3,1,1.0,KR 18B-CL 73D 02,19
4476151,16/03/2017,3,1,1.0,CL 72-KR 70 02,10
4476153,17/03/2017,3,1,1.0,AV AVENIDA BOYACA-CL 5 02,8
4476502,18/03/2017,3,1,1.0,KR 68-CL 68 02,12
4476081,20/03/2017,2,1,1.0,CL 174-KR 114 02,11
4476198,20/03/2017,3,1,1.0,AK 45-CL 127 02,1
4476489,22/03/2017,3,1,1.0,KR 21-CL 128D 25,1
4477174,29/03/2017,2,2,,KR 59-CL 4D 02,16
4477305,29/03/2017,3,1,1.0,AK 45-CL 128 02,1
4477568,01/04/2017,3,1,1.0,CL 80-KR 94 02,10
4478145,06/04/2017,3,1,1.0,CL 69-KR 15 02,12
4478081,06/04/2017,3,1,1.0,CL 100-KR 19 02,1
4478288,07/04/2017,3,1,1.0,AV AVENIDA CIUDAD DE CALI-CL 8 02,8
4478541,08/04/2017,3,1,1.0,AK 30-CL 08 S 02,14
4478777,14/04/2017,3,1,1.0,CL 168-KR 20 02,1
4478953,18/04/2017,2,1,1.0,CL 63-KR 77G 45,7
4479166,20/04/2017,3,1,1.0,AK 68-CL 98A 02,12
4479251,21/04/2017,3,1,1.0,CL 26-KR 69 02,9
4479428,22/04/2017,3,1,1.0,AC 80-KR 90 20,10
4479824,26/04/2017,2,4,,AV AVENIDA PRIMERO DE MAYO-KR 40K 02,8
4479804,26/04/2017,3,1,1.0,CL 26-KR 69BISA S 02,8
4479910,27/04/2017,3,1,1.0,AK 45-CL 127 02,1
4480121,27/04/2017,3,1,1.0,CL 90-KR 94 02,10
4480249,29/04/2017,3,1,1.0,CL 128B-KR 22 02,1
4480193,29/04/2017,3,1,1.0,DG 13BIS-KR 24C S 18,15
4480344,01/05/2017,3,1,1.0,AK 10-CL 2 02,3
4480508,03/05/2017,2,2,,KR 72-CL 72 02,10
4480475,03/05/2017,3,1,1.0,CL 63-KR 85K 02,10
4480500,03/05/2017,3,1,1.0,CL 100-KR 15 02,1
4480515,04/05/2017,2,1,1.0,CL 6B-KR 90C 02,8
4480657,05/05/2017,2,2,,CL 1-KR 10 02,3
4480894,06/05/2017,3,1,1.0,CL 50-KR 100 S 02,7
4480888,06/05/2017,3,1,1.0,KR 90-CL 69A 02,10
4480817,07/05/2017,3,1,1.0,CL 92-KR 13 02,2
4480728,07/05/2017,2,2,,CL 100-KR 10 59,1
4481267,10/05/2017,2,2,,CL 139-KR 140B 02,11
4481296,11/05/2017,2,6,,KR 86-CL 43 S 02,8
4481310,11/05/2017,3,1,1.0,KR 30-CL 71 02,12
4481518,12/05/2017,3,1,1.0,AK 45-CL 172 02,1
4481776,13/05/2017,3,1,1.0,CL 191-KR 11A 02,1
4481737,15/05/2017,3,1,1.0,CL 26-KR 96A 21,9
4481920,16/05/2017,3,1,1.0,CL 152B-KR 114C 02,11
4481972,16/05/2017,3,1,1.0,KR 105-CL 67F 02,10
4481999,17/05/2017,3,1,1.0,AV AVENIDA BOYACA-CL 9 02,8
4482152,18/05/2017,3,1,1.0,AK 30-CL 63 02,12
4482173,19/05/2017,2,2,,DG 51A-KR 61A S 02,6
4482501,22/05/2017,3,1,1.0,CL 80-KR 24 02,12
4482643,22/05/2017,3,1,1.0,AV AVENIDA BOYACA-CL 131 02,11
4482720,24/05/2017,2,1,1.0,KR 105F-CL 69 40,10
4482803,24/05/2017,3,1,1.0,CL 80-KR 112BIS 02,10
4483185,27/05/2017,3,1,1.0,CL 170-KR 93 02,11
4483319,29/05/2017,3,1,1.0,AK 45-CL 215 02,1
4484094,02/06/2017,3,1,1.0,CL 63-TR 60 02,12
4483615,04/06/2017,2,2,,AV AVENIDA PRIMERO DE MAYO-CL 53 S 02,8
4483822,04/06/2017,3,1,1.0,DG 16-KR 103A 02,9
4483764,05/06/2017,2,1,1.0,TR 53A-CL 2 02,16
4484272,07/06/2017,3,1,1.0,DG 63F-AK 89A 71,10
4484475,10/06/2017,3,1,1.0,AK 45-CL 170 02,1
4484700,12/06/2017,2,2,,CL 138-KR 72 02,11
4484658,12/06/2017,3,1,1.0,CL 144-KR 141A 02,11
4484655,12/06/2017,3,1,1.0,CL 116-KR 60 02,11
4485123,14/06/2017,3,1,1.0,KR 7-CL 119 02,1
4484950,15/06/2017,3,1,1.0,CL 22A-KR 70 02,9
4485278,18/06/2017,3,1,1.0,AV AVENIDA CIUDAD DE CALI-CL 19 02,9
4485132,18/06/2017,2,2,,AV AVENIDA PRIMERA DE MAYO-KR 69 30,8
4485467,20/06/2017,2,1,1.0,CL 40-KR 90D S 02,8
4486322,30/06/2017,2,1,1.0,KR 96A-CL 128C 15,11
4486616,05/07/2017,3,1,1.0,DG 91C-KR 18F S 15,7
4486995,07/07/2017,3,1,1.0,AK 24-CL 48B S 02,6
4486976,08/07/2017,3,1,1.0,KR 7-CL 45 2,2
4486897,08/07/2017,2,1,1.0,KR 30-CL 5 02,14
4487655,16/07/2017,3,1,1.0,KR 27B-CL 63 2,12
4487982,19/07/2017,2,2,,CL 63-KR 80I 02,7
4488066,19/07/2017,3,1,1.0,KR 28-CL 51B 16,6
4488167,21/07/2017,3,1,1.0,AK 45-CL 182 02,1
4488252,22/07/2017,2,2,,AV AVENIDA BOYACA-CL 6 02,8
4488286,22/07/2017,3,1,1.0,CL 13-KR 90 2,9
4488333,23/07/2017,3,1,1.0,KR 89B-CL 58 S 02,7
4488464,24/07/2017,3,1,1.0,CL 43-KR 82 2,8
4488539,25/07/2017,3,1,1.0,KR 30-CL 25 90,13
4488675,25/07/2017,3,1,1.0,AK 45-CL 104 02,1
4488768,26/07/2017,3,1,1.0,CL 53BISA-KR 12 S 2,6
4488824,28/07/2017,3,1,1.0,AV AVENIDA DE LAS AMERICAS-KR 43A 02,16
4488901,29/07/2017,2,1,1.0,AK 68-CL 21 02,16
4488909,29/07/2017,2,2,,KR 80-CL 2 51,8
4489089,31/07/2017,3,1,1.0,TR 78J-CL 41B S 34,8
4489213,01/08/2017,3,1,1.0,CL 97-KR 19 02,2
4489362,03/08/2017,3,1,1.0,KR 7-CL 175 2,1
4489765,07/08/2017,2,2,,KR 7-CL 186 02,1
4489950,08/08/2017,3,1,1.0,AC 25-KR 113 2,9
4490035,09/08/2017,2,2,,KR 10-CL 4 S 02,15
4490665,15/08/2017,3,1,1.0,AV AVENIDA BOYACA-CL 22 02,9
4490621,15/08/2017,3,1,1.0,CL 13-KR 129 02,9
4490517,15/08/2017,2,1,1.0,AV AVENIDA DE LAS AMERICAS-KR 65 2,16
4490685,16/08/2017,3,1,1.0,DG 54-AK 16 02,13
4490670,16/08/2017,3,1,1.0,KR 15-CL 127 02,1
4490860,18/08/2017,3,1,1.0,CL 71C-KR 90 2,10
4491055,19/08/2017,3,1,1.0,KR 30-CL 6 02,14
4490969,20/08/2017,3,1,1.0,AV AVENIDA BOYACA-DG 51 S 02,6
4491326,23/08/2017,3,1,1.0,KR 7-CL 39 02,2
4491465,24/08/2017,3,1,1.0,KR 7-CL 29 02,3
4491654,26/08/2017,3,1,1.0,CL 98A-TR 55 02,12
4492038,29/08/2017,3,1,1.0,AK 72-CL 77A 30,10
4492267,31/08/2017,3,1,1.0,KR 57R-CL 76 61,7
4492112,31/08/2017,2,1,1.0,AV AVENIDA DE LAS AMERICAS-KR 43 2,16
4492135,31/08/2017,3,1,1.0,CL 128B-KR 80 2,11
4492176,31/08/2017,3,1,1.0,AV AVENIDA BOYACA-CL 39I S 20,8
4492363,01/09/2017,3,1,1.0,CL 13-KR 72A 02,9
4492483,02/09/2017,3,1,1.0,KR 23-CL 124 2,1
4492302,03/09/2017,2,1,1.0,CL 132-KR 105C 2,11
4492516,03/09/2017,2,1,1.0,KR 29A-CL 29 S 02,16
4492786,05/09/2017,2,3,,AK 45-CL 220 02,1
4492765,06/09/2017,2,1,1.0,TR 53-CL 2B 10,16
4492911,06/09/2017,2,2,,KR 80-CL 58C 02,7
4492749,07/09/2017,2,1,1.0,CL 63A-KR 70D 02,10
4492996,08/09/2017,3,1,1.0,CL 170-KR 81 02,11
4493002,08/09/2017,3,1,1.0,CL 81-KR 11 71,2
4493125,09/09/2017,3,1,4.0,KR 28A-CL 17A 20,14
4493257,11/09/2017,3,1,1.0,KR 33-CL 55A S 02,6
4493563,14/09/2017,3,1,1.0,KR 33-CL 48C S 02,6
4494106,18/09/2017,2,2,,CL 72-KR 70G 02,10
4494157,19/09/2017,3,1,1.0,KR 10-CL 54 02,2
4493995,19/09/2017,1,2,,CL 77-KR 20 77,12
4494270,21/09/2017,3,1,1.0,AV AVENIDA BOYACA-CL 142 02,11
4494230,21/09/2017,2,2,,KR 147ABIS-CL 139A 61,11
4494415,23/09/2017,2,2,,KR 41A-CL 4C 02,16
4494824,27/09/2017,3,1,1.0,CL 3-KR 31D 35,16
4495055,29/09/2017,3,1,1.0,KR 24-CL 68 06,12
4495101,30/09/2017,2,2,,TR 126B-CL 134 03,11
4495364,02/10/2017,3,1,1.0,CL 26-KR 50 2,13
4495548,04/10/2017,3,1,1.0,AV AVENIDA CIRCUNVALAR-CL 12 2,17
4495589,05/10/2017,2,2,,CL 129-KR 88B 2,11
4495840,05/10/2017,2,1,1.0,AC 57R-KR 76 S 61,19
4496008,07/10/2017,3,1,1.0,AC 13-KR 124 02,9
4496022,07/10/2017,3,1,1.0,CL 195-KR 21 2,1
4496146,09/10/2017,3,1,1.0,AK 45-CL 183 02,1
4496132,09/10/2017,3,1,1.0,KR 94-CL 86 02,10
4496218,11/10/2017,3,1,1.0,AC 80-KR 69 02,10
4496368,11/10/2017,3,1,1.0,KR 68-CL 21 2,16
4496389,12/10/2017,2,2,,KR 105-CL 65 2,10
4496823,14/10/2017,3,1,1.0,AC 26-KR 69B 02,9
4496761,17/10/2017,2,1,1.0,AV AVENIDA DE LAS AMERICAS-KR 68 02,8
4496848,18/10/2017,3,1,1.0,KR 30-CL 6 02,14
4496792,18/10/2017,2,2,,AV AVENIDA BOYACA-CL 53 02,10
4497050,20/10/2017,3,1,1.0,KR 30-CL 40 02,13
4497402,24/10/2017,3,1,1.0,KR 45-CL 128A 73,1
4497531,25/10/2017,3,1,1.0,AV AVENIDA PRIMERA DE MAYO-KR 79D 02,8
4498427,01/11/2017,3,1,1.0,CL 70-KR 28A 02,12
4498481,02/11/2017,3,1,1.0,CL 100-KR 45 02,1
4498511,03/11/2017,2,2,,AC 26-KR 85B 2,9
4498624,04/11/2017,2,1,1.0,CL 38C-KR 78M 2,8
4498752,06/11/2017,3,1,1.0,CL 35-KR 14 02,18
4499049,08/11/2017,3,1,1.0,CL 80-KR 89A 02,10
4499352,08/11/2017,3,1,1.0,KR 20-CL 134 17,1
4499532,10/11/2017,3,1,4.0,KR 69L-CL 65 69,10
4499283,10/11/2017,2,2,,CL 41-KR 80G S 02,8
4499350,11/11/2017,3,1,1.0,AK 45-CL 171 02,1
4499404,11/11/2017,3,1,1.0,CL 161-KR 16D 2,1
4500008,18/11/2017,2,1,1.0,AC 72-KR 29 2,12
4500202,18/11/2017,3,1,1.0,CL 60A-KR 74 S 2,19
4500122,20/11/2017,2,1,1.0,CL 34-KR 93 2,8
4500746,25/11/2017,2,1,1.0,CL 72-KR 65B 2,12
4501001,25/11/2017,3,1,1.0,KR 67-CL 66A 02,19
4501215,28/11/2017,3,1,1.0,CL 19-KR 16 02,14
4501182,28/11/2017,2,2,,KR 30-CL 31 S 02,16
4501376,29/11/2017,3,1,1.0,CL 80-KR 110A 2,10
4501324,29/11/2017,3,1,1.0,KR 7C-CL 60 2,2
4501515,01/12/2017,2,1,1.0,CL 2F-KR 39A 02,16
4501792,04/12/2017,2,2,,AV AVENIDA BOYACA-KR 24 E 2,6
4501883,06/12/2017,3,1,4.0,AV AVENIDA CIUDAD DE CALI-KR 90 02,10
4502368,07/12/2017,3,1,1.0,KR 30-CL 41 02,13
4502101,07/12/2017,2,1,1.0,AV AVENIDA BOYACA-CL 13 02,9
4502829,13/12/2017,3,1,1.0,CL 26-KR 98 2,9
4505730,15/12/2017,2,4,,AV AVENIDA CIUDAD DE CALI-CL 33 2,8
4503041,16/12/2017,2,2,,KR 9-CL 18 02,3
4503238,17/12/2017,3,1,1.0,CL 63-KR 80I 02,7
4503369,18/12/2017,3,1,1.0,KR 3A-CL 110A S 09,5
4503613,20/12/2017,2,1,1.0,KR 4-CL 91 2,2
4503787,22/12/2017,3,1,1.0,AV AVENIDA BOYACA-CL 17 02,9
4503723,22/12/2017,2,2,,KR 100-CL 16H 02,9
4503782,22/12/2017,3,1,1.0,CL 134-KR 13 02,1
4504179,26/12/2017,3,1,1.0,KR 30-CL 6 2,14
4504466,29/12/2017,3,1,1.0,AC 26-KR 75 02,9
4504529,31/12/2017,3,1,1.0,AV AVENIDA DEL SUR-KR 63 2,19
4504888,05/01/2018,2,1,1.0,CL 63-KR 109 2,10
4504894,07/01/2018,2,1,1.0,KR 90-CL 20 02,9
4505036,09/01/2018,3,1,1.0,AV AVENIDA CARACAS-CL 17 S 02,15
4505080,10/01/2018,2,1,1.0,KR 80-CL 2 51,8
4505146,10/01/2018,3,1,1.0,KR 45-CL 197 2,1
4505274,12/01/2018,3,1,1.0,AK 45-CL 93 64,2
4505590,15/01/2018,3,1,1.0,KR 71C-CL 99 2,11
4505798,18/01/2018,3,1,4.0,KR 98A-CL 15A 2,9
4506306,24/01/2018,3,1,1.0,CL 26-KR 85 02,10
4506470,24/01/2018,3,1,1.0,CL 170-KR 45 2,11
4506474,25/01/2018,2,1,1.0,CL 100-KR 45 02,11
4506409,25/01/2018,2,2,,KR 45-CL 187 2,1
4506480,25/01/2018,3,1,1.0,AV AVENIDA DE LAS AMERICAS-KR 72 2,8
4506798,29/01/2018,3,1,1.0,CL 52A-KR 34 2,16
4506984,31/01/2018,2,2,,KR 73-CL 39 S 64,8
4507161,01/02/2018,3,1,1.0,CL 43-KR 81L S 23,2
4507210,02/02/2018,2,2,,KR 10-CL 28 S 2,4
4507353,02/02/2018,3,1,1.0,CL 7-KR 4 2,17
4507402,03/02/2018,3,1,1.0,KR 27-CL 2 02,14
4507571,03/02/2018,3,1,1.0,KR 80-CL 2 57,8
4507502,05/02/2018,3,1,1.0,AV AVENIDA DE LAS AMERICAS-KR 50 2,16
4507617,05/02/2018,3,1,1.0,AV AVENIDA CENTENARIO-KR 118 08,9
4507539,06/02/2018,2,1,1.0,KR 86-CL 22 2,9
4507761,07/02/2018,3,1,1.0,KR 18C-CL 122 2,1
4507840,08/02/2018,3,1,1.0,AC 13-KR 65 02,16
4507936,09/02/2018,3,1,1.0,CL 19-KR 72 2,9
4508126,10/02/2018,3,1,1.0,CL 148N-KR 7H 49,13
4508084,11/02/2018,3,1,1.0,CL 53-KR 59 02,13
4508433,14/02/2018,3,1,1.0,KR 17A-DG 81 S 02,6
4508902,16/02/2018,3,1,1.0,KR 80G-CL 6 02,8
4508693,16/02/2018,3,1,1.0,CL 92-KR 14 02,2
4508921,19/02/2018,2,1,1.0,KR 115-CL 148 40,11
4509042,20/02/2018,3,1,1.0,KR 45-CL 164 02,1
4509310,22/02/2018,2,4,,KR 11-CL 82 2,2
4509705,23/02/2018,3,1,1.0,AV AVENIDA DE LAS AMERICAS-KR 56 2,16
4509744,24/02/2018,3,1,1.0,KR 62-CL 168 2,11
4509738,26/02/2018,3,1,1.0,KR 27-CL 20 2,14
4509871,27/02/2018,3,1,1.0,AV AVENIDA BOYACA-KR 15 02,19
4510204,02/03/2018,3,1,1.0,KR 5-CL 21 02,3
4510524,03/03/2018,3,1,1.0,CL 6-KR 4 58,3
4510599,04/03/2018,3,1,1.0,KR 86-CL 2 26,8
4510564,05/03/2018,3,1,1.0,CL 20-KR 44 02,16
4510753,06/03/2018,2,1,1.0,CL 42A-KR 80F S 2,8
4511146,09/03/2018,3,1,1.0,AV AVENIDA BOYACA-CL 1 2,8
4511005,09/03/2018,2,2,,KR 13B-CL 41B ES 02,4
4511079,09/03/2018,3,1,1.0,AK 72-CL 23C 02,9
4511064,09/03/2018,2,1,1.0,CL 59-KR 89 S 02,7
4511426,10/03/2018,3,1,1.0,KR 80-CL 2 2,8
4511417,10/03/2018,3,1,4.0,CL 50-KR 7 2,18
4511103,11/03/2018,2,2,,CL 26-KR 113 85,9
10447374,11/03/2018,2,1,1.0,KR 50-CL 26 2,13
4511433,12/03/2018,3,1,1.0,KR 87-CL 51 S 02,7
4511370,12/03/2018,2,4,,CL 43-KR 86 S 02,8
4511204,12/03/2018,3,1,1.0,AV AVENIDA DEL SUR-KR 60A 02,8
4511472,13/03/2018,3,1,1.0,CL 127-KR 58 02,11
4511624,14/03/2018,3,1,1.0,CL 108-KR 45 02,11
4512207,17/03/2018,3,1,1.0,KR 60-CL 70C 2,12
4511910,18/03/2018,2,6,,CL 56F-KR 93C S 2,7
4512464,20/03/2018,3,1,1.0,CL 6-KR 44 02,16
4512436,21/03/2018,3,1,1.0,AV AVENIDA CIUDAD DE CALI-AC 12 2,8
4512477,22/03/2018,2,1,1.0,AK 7-CL 46 02,2
4512616,23/03/2018,3,1,1.0,CL 26-KR 72 2,10
4512627,23/03/2018,2,1,1.0,CL 6-KR 73A 2,8
4512853,24/03/2018,2,2,,TR 77J-CL 68B S 2,7
4513132,31/03/2018,2,1,1.0,KR 4B-CL 36B S 02,4
4513513,02/04/2018,3,1,1.0,KR 69-CL 17 02,9
10459400,03/04/2018,3,1,1.0,AV AVENIDA BOYACA-CL 24 2,9
4513579,03/04/2018,3,1,1.0,AV AVENIDA BOYACA-CL 80 02,10
4513792,05/04/2018,3,1,1.0,AV AVENIDA BOYACA-CL 114 2,11
4514135,07/04/2018,3,1,1.0,CL 32A-KR 25B S 19,18
4514041,09/04/2018,2,1,1.0,KR 17-CL 58 02,13
4514238,09/04/2018,3,1,1.0,DG 61B-KR 19A 2,13
4514355,10/04/2018,3,1,1.0,KR 13A-CL 31 02,3
4514365,10/04/2018,3,1,1.0,AV AVENIDA CIUDAD DE CALI-CL 91 2,11
4514505,11/04/2018,3,1,1.0,CL 22C-KR 68D 02,9
4514540,12/04/2018,3,1,1.0,KR 14-CL 93 S 2,5
4514551,12/04/2018,3,1,1.0,KR 53-DG 45B S 45,6
4514672,13/04/2018,3,1,1.0,CL 170-KR 54A 02,11
4514798,13/04/2018,3,1,1.0,CL 12-KR 9 2,3
4514926,14/04/2018,3,1,1.0,CL 5A-KR 87A S 02,8
4514874,16/04/2018,2,2,,CL 26-KR 72 02,9
4515033,16/04/2018,3,1,1.0,CL 80-KR 86 2,10
4515164,17/04/2018,3,1,1.0,CL 71A-KR 93A 2,10
4515126,17/04/2018,3,1,1.0,KR 7-CL 147 2,1
4515196,18/04/2018,2,1,1.0,KR 81-CL 70B S 02,7
4515216,18/04/2018,3,1,1.0,CL 26-KR 69A 2,9
4515537,20/04/2018,3,1,1.0,KR 10-CL 11 02,3
4515480,20/04/2018,2,1,1.0,AC 80-KR 121 60,10
4515510,22/04/2018,2,3,,AK 9-CL 127 02,1
4515934,24/04/2018,2,2,,KR 15-CL 74 02,2
4515910,26/04/2018,3,1,1.0,CL 188-KR 5D 2,1
4516075,26/04/2018,2,1,1.0,AC 3-KR 22 43,14
4516172,26/04/2018,2,2,,CL 81-KR 92 70,10
4516410,28/04/2018,3,1,1.0,AV AVENIDA CIUDAD DE VILLAVICENCIO-CL 60A 49,7
4516525,30/04/2018,3,1,1.0,CL 100-KR 15 2,1
4516671,30/04/2018,3,1,1.0,KR 81-CL 76 S 02,7
4516509,30/04/2018,3,1,1.0,KR 13-CL 63 02,2
4516705,02/05/2018,3,1,1.0,CL 1-KR 12 2,3
10446819,04/05/2018,2,1,1.0,CL 6-KR 4 02,17
10446901,05/05/2018,3,1,1.0,CL 60-KR 14 2,2
10446763,06/05/2018,2,1,1.0,AV AVENIDA PRIMERA DE MAYO-CL 69B 65,8
10447347,08/05/2018,3,1,1.0,KR 80-CL 59 S 2,7
10447296,09/05/2018,2,1,1.0,DG 62A-KR 72 S 02,19
10447393,10/05/2018,2,2,,CL 13-KR 47 2,16
10447837,12/05/2018,3,1,1.0,KR 30-CL 26 2,13
10447590,15/05/2018,2,1,1.0,KR 12-CL 22 2,3
10448026,16/05/2018,3,1,1.0,AV AVENIDA BOYACA-CL 6B 02,8
10448003,17/05/2018,3,1,1.0,KR 87-CL 6A 2,8
10448616,19/05/2018,3,1,1.0,KR 30-CL 39 02,13
10448494,19/05/2018,3,1,1.0,CL 2-KR 28 2,14
10448395,21/05/2018,2,3,,CL 63-KR 90 2,10
10448799,22/05/2018,2,2,,CL 64G-KR 94BIS 2,10
10448690,23/05/2018,2,1,1.0,AV AVENIDA CIUDAD DE CALI-CL 74 02,10
10448946,24/05/2018,3,1,1.0,AV AVENIDA PRIMERA DE MAYO-KR 12D 2,15
10448929,25/05/2018,2,1,1.0,KR 30-CL 18 2,14
10449243,27/05/2018,3,1,1.0,CL 26-KR 71 02,9
10449286,29/05/2018,2,2,,AV AVENIDA BOYACA-CL 117C 2,11
10449527,29/05/2018,2,2,,CL 22-KR 8A S 2,4
10449597,30/05/2018,3,1,1.0,AV AVENIDA CIUDAD DE CALI-CL 128 02,11
10450840,04/06/2018,3,1,1.0,AV AVENIDA BOYACA-CL 19 2,9
10450797,05/06/2018,3,1,1.0,CL 80-KR 98 2,10
10450208,06/06/2018,2,1,1.0,CL 1-KR 68B S 20,8
10450460,10/06/2018,2,2,,CL 142C-KR 151C 2,11
10451071,11/06/2018,3,1,1.0,CL 8ABISA-KR 80 63,8
10451076,11/06/2018,3,1,5.0,CL 72A-KR 77A 2,10
10450894,13/06/2018,2,1,1.0,CL 131-KR 50 2,11
10450924,13/06/2018,2,2,,TR 77I-CL 69A 39,7
10451240,14/06/2018,3,1,1.0,AV AVENIDA CIRCUNVALAR-CL 59 02,2
10451382,15/06/2018,3,1,1.0,CL 43-KR 11B 2,18
10451199,16/06/2018,2,4,,CL 62-KR 86A S 18,7
10451119,18/06/2018,3,1,1.0,CL 162-KR 76 2,11
10451604,19/06/2018,3,1,1.0,KR 7-CL 72 2,2
10451918,22/06/2018,3,1,1.0,CL 22B-KR 63B 32,19
10452347,26/06/2018,2,2,,CL 125-KR 20 89,1
10452531,27/06/2018,3,1,1.0,KR 104-CL 159 2,11
10452727,29/06/2018,2,4,,CL 100-KR 66 2,12
10452751,29/06/2018,2,1,1.0,CL 17-KR 96A 2,9
10453004,30/06/2018,3,1,1.0,KR 45-CL 128 02,1
10452939,02/07/2018,2,2,,AV AVENIDA DEL SUR-CL 76A 65,19
10453042,03/07/2018,3,1,1.0,KR 78-CL 13 2,9
10453158,04/07/2018,3,1,1.0,AV AVENIDA DE LAS AMERICAS-KR 38B 2,16
10453121,04/07/2018,2,4,,KR 67-CL 58A S 02,19
10453254,04/07/2018,2,1,1.0,CL 13-KR 35 02,16
10453260,05/07/2018,2,1,1.0,CL 20-KR 68A 2,9
10453693,07/07/2018,3,1,1.0,CL 78B-KR 107 2,10
10453931,10/07/2018,3,1,4.0,CL 13-KR 128 2,9
10454094,13/07/2018,3,1,1.0,KR 5-CL 75 2,2
10454642,16/07/2018,2,1,1.0,KR 7-CL 27 S 2,4
10454496,17/07/2018,2,1,1.0,CL 42A-KR 89C 2,8
10454906,19/07/2018,3,1,1.0,CL 131A-KR 46 08,11
10455039,22/07/2018,3,1,1.0,CL 170-KR 72 2,11
10455181,24/07/2018,3,1,1.0,CL 24B-KR 75 2,9
10455301,25/07/2018,3,1,1.0,KR 1-CL 70 2,2
10455665,28/07/2018,3,1,1.0,CL 40-KR 22A S 2,18
10455611,28/07/2018,2,4,,KR 86-CL 43 S 2,8
10455795,29/07/2018,2,1,1.0,KR 1-CL 97 S 02,5
10456070,01/08/2018,3,1,1.0,CL 63-KR 93 02,10
10456397,04/08/2018,3,1,1.0,AK 45-CL 141 2,1
10456428,04/08/2018,3,1,1.0,KR 30-CL 8 S 2,14
10456330,05/08/2018,2,1,4.0,KR 15-CL 61 ES 02,4
10456820,09/08/2018,3,1,1.0,CL 80-KR 120 02,10
10457033,10/08/2018,2,2,,KR 8-CL 8 S 15,4
10456973,12/08/2018,2,1,1.0,CL 85A-KR 22 2,12
10457275,12/08/2018,3,1,1.0,AV AVENIDA BOYACA-KR 8 02,8
10457494,14/08/2018,3,1,1.0,AV AVENIDA DE LAS AMERICAS-KR 40 2,16
10457675,16/08/2018,2,2,,CL 170-KR 45 2,1
10457797,17/08/2018,3,1,1.0,CL 116-KR 45 2,11
10457779,17/08/2018,3,1,1.0,KR 50-CL 44F 43,13
10457812,17/08/2018,3,1,1.0,KR 78L-CL 68C 08,7
10457730,19/08/2018,2,2,,CL 48-KR 5 59,18
10459523,21/08/2018,2,1,1.0,AV AVENIDA PRIMERO DE MAYO-CL 38L 2,8
10458142,21/08/2018,3,1,1.0,KR 30-CL 80 2,12
10458393,23/08/2018,2,1,1.0,AC 53-KR 54 2,13
10458336,24/08/2018,2,1,1.0,CL 66-KR 69P 2,10
10458570,26/08/2018,2,2,,AV AVENIDA CARACAS-CL 22 S 2,15
10458695,27/08/2018,3,1,1.0,AV AVENIDA PRIMERA DE MAYO-AV AVENIDA CARACAS 2,15
10458955,29/08/2018,3,1,1.0,KR 45-CL 171 2,1
10459169,29/08/2018,3,1,1.0,KR 29-CL 26 02,14
10459095,30/08/2018,3,1,1.0,CL 63D-KR 20 2,12
10459043,31/08/2018,2,1,1.0,TR 42-CL 4 2,16
10459489,03/09/2018,3,1,1.0,KR 80-CL 36 S 2,8
10459440,03/09/2018,2,2,,CL 58B-KR 75 S 24,19
10459390,03/09/2018,3,1,1.0,KR 45-CL 196 02,1
10459566,04/09/2018,3,1,1.0,CL 17-KR 82 2,9
10459537,04/09/2018,3,1,1.0,AV AVENIDA BOYACA-CL 26 S 02,8
10459437,04/09/2018,2,2,,KR 3A-CL 30C S 34,4
10459629,05/09/2018,2,1,1.0,CL 80-KR 98 2,10
10459788,07/09/2018,1,1,1.0,DG 38A-KR 38B S 47,18
10459915,08/09/2018,2,1,1.0,AV AVENIDA CIUDAD DE CALI-CL 13 S 2,9
10459973,08/09/2018,3,1,1.0,KR 58-CL 169B 2,11
10460046,08/09/2018,3,1,1.0,CL 13-KR 29 2,14
10460117,10/09/2018,3,1,1.0,CL 26-KR 40 2,12
10460268,11/09/2018,3,1,1.0,KR 54C-CL 147 21,11
10460588,14/09/2018,3,1,1.0,CL 56-KR 4 S 2,5
10460659,15/09/2018,2,1,1.0,AV AVENIDA CIUDAD DE VILLAVICENCIO-KR 88 S 2,5
10460650,15/09/2018,2,2,,CL 56-KR 93 S 2,7
10462911,15/09/2018,3,1,1.0,KR 92-CL 52A 2,10
10460553,15/09/2018,2,2,,CL 60A-KR 65 2,7
10460570,15/09/2018,2,2,,CL 81-KR 8CBIS S 2,5
10460587,16/09/2018,2,2,,CL 170-KR 9 2,1
10460997,17/09/2018,3,1,1.0,AV AVENIDA DE LAS AMERICAS-AV AVENIDA CIUDAD DE CALI 2,8
10460955,18/09/2018,3,1,4.0,CL 44-KR 66A 2,12
10460924,18/09/2018,3,1,1.0,KR 30-CL 40 2,12
10461235,20/09/2018,3,1,1.0,TR 76-CL 128 2,11
10461288,21/09/2018,2,3,,AV AVENIDA CARACAS-CL 18 2,14
10461652,22/09/2018,3,1,1.0,KR 7-CL 141 2,1
10461339,23/09/2018,2,1,1.0,AK 86-CL 64CBIS 2,10
10461458,23/09/2018,3,1,1.0,KR 14V-CL 72A 5,5
10461542,23/09/2018,3,1,1.0,AV AVENIDA BOYACA-CL 134 2,11
10461849,26/09/2018,3,1,1.0,CL 72-KR 72A 2,10
10461894,27/09/2018,3,1,4.0,CL 156A-KR 98A 2,11
10461925,27/09/2018,3,1,1.0,KR 30-CL 5 2,15
10461978,27/09/2018,2,1,1.0,KR 80J-CL 73D 2,7
10462493,02/10/2018,2,1,1.0,CL 26-KR 92 10,10
10462721,03/10/2018,2,1,1.0,KR 77-CL 19A S 9,15
10462586,04/10/2018,2,1,1.0,CL 22-KR 17 2,14
10462825,05/10/2018,3,1,1.0,CL 170-KR 90 2,11
10462857,05/10/2018,3,1,1.0,CL 128A-KR 50 2,11
10463326,06/10/2018,2,3,,AC 6-KR 41A 36,15
10463203,09/10/2018,2,1,1.0,KR 96-CL 71C 2,10
10463131,09/10/2018,3,1,1.0,CL 13-KR 109 2,9
10463327,11/10/2018,3,1,1.0,AC 26-KR 68 11,13
10463648,12/10/2018,3,1,1.0,AV AVENIDA BOYACA-CL 17 17,19
10463477,12/10/2018,2,1,1.0,KR 68-CL 18 S 2,16
10464141,13/10/2018,3,1,1.0,KR 79-CL 43 S 2,10
10464006,18/10/2018,2,1,1.0,DG 53D-KR 22A 2,13
10464253,20/10/2018,2,1,1.0,CL 56A-KR 24B 2,6
10464779,24/10/2018,2,1,1.0,AV AVENIDA CARACAS-AC 4 74,17
10464789,25/10/2018,2,2,,CL 49-KR 6B SE 2,4
10464866,26/10/2018,3,1,1.0,AV AVENIDA CIUDAD DE CALI-CL 75 10,10
10465032,27/10/2018,3,1,1.0,AK 9-CL 134A 2,1
10465015,27/10/2018,2,2,,DG 16-KR 96D 98,9
10465311,29/10/2018,2,2,,CL 26-KR 82 2,10
10465500,01/11/2018,2,1,1.0,CL 63-KR 80I S 2,7
10465567,01/11/2018,3,1,1.0,KR 55A-CL 163 35,11
10465818,02/11/2018,3,1,1.0,CL 106-KR 8A 1,1
10465737,02/11/2018,3,1,1.0,AV AVENIDA DEL SUR-CL 63 S 2,7
10469172,03/11/2018,3,1,1.0,CL 22-KR 100 06,9
10465934,04/11/2018,3,1,1.0,AV AVENIDA CIUDAD DE VILLAVICENCIO-KR 33 2,19
10466026,05/11/2018,3,1,1.0,AV AVENIDA DE LAS AMERICAS-KR 68 2,16
10466096,06/11/2018,3,1,1.0,AV AVENIDA JORGE GAITAN CORTEZ-CL 58 2,19
10466164,07/11/2018,3,1,1.0,AV AVENIDA BOYACA-AC 71 S 2,19
10466503,09/11/2018,3,1,1.0,AC 72-KR 72D 2,10
10466531,09/11/2018,3,1,1.0,CL 65-KR 77J S 2,7
10466697,10/11/2018,3,1,1.0,KR 50-CL 22 2,13
10466385,10/11/2018,2,1,1.0,KR 14-CL 68B S 2,5
10466707,12/11/2018,3,1,1.0,CL 65C-KR 78A S 2,7
10467105,16/11/2018,3,1,1.0,KR 1-CL 90 ES 2,5
10467159,17/11/2018,2,2,,KR 30-CL 64 2,13
10467605,21/11/2018,2,4,,KR 68-CL 40B S 2,16
10467778,22/11/2018,3,1,1.0,KR 50-CL 63 2,13
10467926,24/11/2018,2,1,1.0,DG 40R-AK 14 95,13
10467957,24/11/2018,3,1,1.0,KR 18-CL 93B 2,2
10468085,26/11/2018,2,2,,AV AVENIDA PRIMERA DE MAYO-KR 51D 15,16
10468178,26/11/2018,3,1,1.0,CL 95-KR 13 2,2
10468215,27/11/2018,2,1,1.0,DG 56BIS-KR 35 S 2,6
10468362,28/11/2018,3,1,1.0,AC 26-KR 33A 2,13
10468616,30/11/2018,3,1,1.0,CL 44-KR 32 S 2,18
10468683,01/12/2018,3,1,1.0,CL 13-KR 69D 10,9
10468769,01/12/2018,3,1,1.0,CL 6-KR 32A 2,16
10468799,02/12/2018,3,1,1.0,KR 7BIS-CL 37 S 2,4
10468879,02/12/2018,3,1,1.0,DG 73-TR 60 S 2,6
10468720,02/12/2018,2,1,1.0,CL 132D-KR 148B 2,11
10469042,03/12/2018,2,2,,CL 159-KR 16 36,1
10469169,04/12/2018,2,2,,KR 3C-DG 4 ES 2,4
10469192,05/12/2018,3,1,1.0,KR 45-CL 247 2,1
10469460,07/12/2018,1,2,,CL 80-KR 68 2,10
10469540,07/12/2018,3,1,4.0,CL 26-KR 69D 2,9
10469411,07/12/2018,2,1,1.0,CL 66A-KR 80 2,10
10469522,07/12/2018,3,1,1.0,CL 60A-KR 19ABISB S 2,19
10469452,09/12/2018,2,1,1.0,CL 6-KR 78C 2,8
10469856,13/12/2018,2,3,,AV AVENIDA CUIDAD DE VILLAVICENCIO-AV AVENIDA PRIMERO DE MAYO 2,8
10470021,13/12/2018,3,1,1.0,KR 28B-CL 72 2,12
10470094,14/12/2018,2,1,1.0,TR 78B-AC 40J S 2,8
10470493,16/12/2018,3,1,1.0,CL 49A-KR 34 2,6
10470617,17/12/2018,3,1,1.0,KR 30-CL 43 2,13
10470606,17/12/2018,3,1,1.0,KR 50-CL 35 S 2,16
10470699,18/12/2018,3,1,4.0,CL 47B-KR 22 S 95,6
10470818,20/12/2018,2,1,1.0,KR 16-CL 135 2,1
10471042,21/12/2018,2,1,1.0,CL 72-KR 101 11,10
10471140,22/12/2018,3,1,4.0,CL 24A-KR 64 2,13
10471142,22/12/2018,3,1,1.0,KR 62-CL 97 2,12
10471357,25/12/2018,2,1,1.0,CL 146-KR 136 2,11
10471661,27/12/2018,2,2,,CL 22C-KR 68F 2,9
10471786,31/12/2018,2,1,5.0,AV AVENIDA CIUDAD DE CALI-CL 75 S 2,7
10471937,02/01/2019,3,1,5.0,KR 11-CL 82 2,2
10471989,03/01/2019,3,1,1.0,KR 18-CL 1F 2,14
10472367,08/01/2019,3,1,4.0,KR 69-CL 77 2,10
10472464,10/01/2019,2,4,,KR 24-CL 47B S 2,6
10472627,12/01/2019,2,1,1.0,KR 1BIS-CL 42 S 12,4
10472836,15/01/2019,3,1,1.0,CL 13-KR 86 02,9
10472961,16/01/2019,2,2,,CL 63B-KR 27B 2,12
10473254,19/01/2019,3,1,1.0,CL 80-KR 24 2,12
10473301,20/01/2019,3,1,1.0,KR 89A-CL 84A 2,10
10473171,20/01/2019,2,1,1.0,KR 39C-CL 30 02,16
10473565,22/01/2019,2,4,,CL 64-KR 112C 2,10
10473644,24/01/2019,2,1,1.0,CL 80-KR 73A 2,10
10473941,26/01/2019,3,1,1.0,KR 78B-CL 35A 2,8
10473921,27/01/2019,2,1,1.0,AV AVENIDA CARACAS-CL 15 S 2,15
10473988,28/01/2019,2,1,1.0,CL 13-KR 27 2,14
10474072,28/01/2019,3,1,1.0,KR 19-CL 92 2,2
10474059,28/01/2019,3,1,1.0,AV AVENIDA BOYACA-CL 74A 2,10
10474203,29/01/2019,3,1,1.0,KR 68-CL 63 2,12
10474387,31/01/2019,3,1,1.0,KR 20-CL 63C 02,12
10474514,01/02/2019,3,1,1.0,AK 30-CL 60 2,13
10474511,02/02/2019,3,1,1.0,KR 68-CL 74 2,12
10474632,02/02/2019,3,1,1.0,AV AVENIDA DEL SUR-KR 52A 2,16
10474912,05/02/2019,3,1,1.0,AV AVENIDA BOYACA-CL 117C 2,11
10474880,05/02/2019,3,1,1.0,KR 87B-CL 19A 66,9
10475115,07/02/2019,3,1,1.0,KR 39-CL 7 02,16
10475435,11/02/2019,3,1,1.0,AV AVENIDA CIUDAD DE VILLAVICENCIO-AV AVENIDA JORGE GAITAN CORTEZ 2,19
10475531,12/02/2019,2,1,1.0,CL 13G-KR 14 2,4
10475684,12/02/2019,2,2,,CL 65-KR 78C S 43,7
10475678,13/02/2019,3,1,1.0,CL 63-KR 26 2,12
10475931,15/02/2019,2,3,,KR 110-CL 77A 02,10
10476096,17/02/2019,3,1,1.0,KR 24-CL 80 02,12
10476111,18/02/2019,3,1,1.0,CL 2-KR 28 62,14
10476267,19/02/2019,3,1,1.0,KR 80-CL 69A 2,10
10476380,21/02/2019,3,1,1.0,AV AVENIDA DEL SUR-CL 59 S 2,7
10476496,21/02/2019,2,2,,KR 68-CL 23 02,9
10476570,22/02/2019,3,1,1.0,CL 48Q-KR 5 S 2,4
10476514,22/02/2019,3,1,1.0,CL 6-KR 11 2,3
10476689,23/02/2019,3,1,1.0,AV AVENIDA DE LAS AMERICAS-KR 68 2,8
10476726,23/02/2019,3,1,1.0,AK 45-CL 183 2,1
10476674,23/02/2019,3,1,1.0,KR 26-CL 64 2,12
10476812,25/02/2019,2,2,,CL 26-KR 79A S 2,8
10476910,26/02/2019,2,2,,AV AVENIDA BOYACA-CL 152 2,11
10476924,26/02/2019,3,1,1.0,CL 26-KR 66 2,13
10476917,26/02/2019,2,2,,CL 8-KR 38 S 50,16
10477149,28/02/2019,3,1,1.0,KR 13-CL 84A 2,2
10477393,01/03/2019,3,1,1.0,TR 28B-AC 36 2,13
10477211,01/03/2019,3,1,1.0,CL 8-KR 35 S 2,16
10477404,02/03/2019,3,1,1.0,CL 63-KR 27 2,13
10477560,04/03/2019,3,1,1.0,KR 45-CL 170 02,1
10477798,06/03/2019,2,1,1.0,KR 30-CL 78 2,12
10477843,06/03/2019,3,1,1.0,CL 26-KR 93 2,9
10477949,07/03/2019,3,1,1.0,CL 90-KR 50 2,12
10477876,07/03/2019,2,1,1.0,KR 1-CL 12C E 2,17
10478033,08/03/2019,2,1,4.0,CL 53-KR 71B 02,10
10478063,08/03/2019,3,1,1.0,CL 134-KR 21 02,1
10478153,08/03/2019,2,2,,KR 4-CL 0 S 22,3
10478446,12/03/2019,3,1,1.0,KR 45-CL 98 2,2
10478450,12/03/2019,3,1,1.0,AV AVENIDA CIUDAD DE CALI-CL 67 2,10
10478507,12/03/2019,3,1,1.0,CL 150-KR 19 2,1
10478666,14/03/2019,3,1,1.0,CL 38-KR 72I S 2,8
10479185,19/03/2019,3,1,1.0,AV AVENIDA BOYACA-CL 13 2,8
10479524,24/03/2019,2,1,1.0,AV AVENIDA PRIMERA DE MAYO-KR 68A 2,8
10479673,24/03/2019,2,1,1.0,CL 53-KR 50 02,13
10479681,26/03/2019,2,1,1.0,KR 114-CL 80 2,10
10479907,26/03/2019,3,1,1.0,KR 14-CL 1 02,3
10480258,29/03/2019,2,2,,CL 42-KR 79A S 02,8
10480212,29/03/2019,2,1,1.0,CL 151C-KR 111A 02,11
10480300,30/03/2019,3,1,1.0,CL 63-KR 77K S 15,7
10480444,01/04/2019,3,1,1.0,KR 4-CL 57 2,2
10480838,04/04/2019,3,1,1.0,KR 86-CL 27 2,8
10480768,04/04/2019,3,1,1.0,CL 183-KR 19 02,1
10480781,04/04/2019,3,1,1.0,KR 17-CL 14A S 2,15
10480854,05/04/2019,3,1,1.0,CL 191-KR 9 2,1
10480970,06/04/2019,2,1,1.0,CL 127-KR 51A 2,11
10481111,08/04/2019,3,1,1.0,CL 47B-KR 23 S 2,6
10481033,08/04/2019,3,1,1.0,CL 11-KR 5 SE 2,4
10481335,09/04/2019,3,1,1.0,CL 13-KR 90 2,9
10481386,10/04/2019,3,1,1.0,KR 50B-CL 65 02,12
10481494,10/04/2019,2,2,,KR 3-CL 11 02,17
10481457,11/04/2019,3,1,1.0,KR 13-CL 52A 20,2
10481537,11/04/2019,3,1,1.0,KR 18-CL 84 2,14
10481530,11/04/2019,2,2,,DG 64A-KR 41 S 2,19
10481627,12/04/2019,2,2,,KR 68-CL 3 2,16
10481615,13/04/2019,2,1,1.0,AV AVENIDA BOYACA-CL 19A 02,9
10481885,15/04/2019,2,1,1.0,AV AVENIDA CIUDAD DE CALI-CL 46 S 2,8
10481932,15/04/2019,3,1,1.0,CL 80-KR 72 02,10
10482240,17/04/2019,3,1,1.0,AV AVENIDA BOYACA-CL 22 2,9
10482124,17/04/2019,2,1,4.0,CL 171-KR 49B 96,11
10482359,20/04/2019,3,1,1.0,CL 21-KR 51D S 2,16
10482418,22/04/2019,3,1,1.0,AV AVENIDA DE LAS AMERICAS-KR 70 2,8
10482605,24/04/2019,3,1,1.0,KR 65-CL 12 2,16
10482905,28/04/2019,3,1,1.0,AV AVENIDA SUBA-CL 116 2,11
10482930,28/04/2019,3,1,1.0,AV AVENIDA BOYACA-KR 27 02,6
10483111,29/04/2019,3,1,1.0,KR 82-CL 24 2,9
10483157,30/04/2019,2,1,1.0,AV AVENIDA CIUDAD DE CALI-CL 10 61,8
10483227,30/04/2019,3,1,1.0,CL 13-KR 69F 2,9
10483139,30/04/2019,2,1,1.0,CL 13-KR 65 2,16
10483538,04/05/2019,2,2,,CL 19-KR 26 02,14
10483801,05/05/2019,2,1,1.0,KR 86C-CL 58A S 2,7
10483894,07/05/2019,3,1,1.0,AV AVENIDA CIRCUNVALAR-CL 22 02,3
10484118,09/05/2019,3,1,1.0,KR 47-CL 91 02,12
10484484,11/05/2019,3,1,1.0,AV AVENIDA DEL SUR-KR 63 2,7
10484552,13/05/2019,3,1,1.0,CL 72B-KR 64 2,12
10484828,15/05/2019,3,1,1.0,AV AVENIDA DEL SUR-KR 66 02,6
10484864,15/05/2019,3,1,1.0,AV AVENIDA BOYACA-CL 63 2,10
10485095,17/05/2019,3,1,1.0,KR 59A-CL 45A S 60,6
10485092,17/05/2019,3,1,1.0,KR 80-CL 2 02,8
10485245,19/05/2019,3,1,1.0,CL 22C-KR 68F 2,9
10485252,21/05/2019,3,1,1.0,AK 14-CL 65 S 2,5
10485404,22/05/2019,2,1,1.0,CL 72-KR 81A 2,10
10485634,24/05/2019,2,1,1.0,CL 127BBIS-KR 49 2,11
10485737,26/05/2019,2,4,,AV AVENIDA PRIMERA DE MAYO-AV AVENIDA BOYACA 2,8
10486116,28/05/2019,3,1,1.0,KR 78C-CL 39A S 2,8
10486205,28/05/2019,3,1,1.0,DG 89B-KR 115A 02,10
10486394,29/05/2019,2,1,1.0,AV AVENIDA DEL SUR-CL 62B S 18,7
10486238,29/05/2019,3,1,1.0,CL 17A-KR 42BIS 2,16
10486310,30/05/2019,3,1,1.0,KR 30-CL 13 2,16
10486582,31/05/2019,2,1,1.0,KR 30-CL 21 02,14
10486560,01/06/2019,2,4,,AV AVENIDA DEL SUR-KR 71 75,7
10486693,04/06/2019,2,1,1.0,KR 116-CL 24 02,9
10486877,05/06/2019,3,1,1.0,TR 5H-DG 44 S 02,4
10487062,06/06/2019,3,1,1.0,CL 42A-KR 87H S 2,8
10487117,07/06/2019,3,1,1.0,KR 93B-CL 128B 02,11
10487364,07/06/2019,3,1,1.0,CL 72F-KR 113A 2,10
10487198,08/06/2019,2,1,1.0,AC 72-KR 80 66,10
10487428,10/06/2019,3,1,4.0,CL 153-KR 59 2,11
10487617,11/06/2019,3,1,1.0,CL 100-KR 13 2,1
10487793,13/06/2019,2,1,1.0,CL 40-KR 72JBIS S 2,8
10487702,13/06/2019,3,1,1.0,KR 65-CL 11 2,16
10487666,13/06/2019,3,1,1.0,KR 86-CL 25 2,9
10487751,14/06/2019,3,1,1.0,KR 22-CL 14 12,14
10487887,15/06/2019,2,1,1.0,CL 55A-KR 12B S 2,19
10488142,18/06/2019,3,1,1.0,CL 80-KR 62 84,12
10488595,21/06/2019,2,1,1.0,KR 22G-CL 60 S 2,6
10488475,21/06/2019,3,1,1.0,AV AVENIDA DEL SUR-CL 66 2,7
10488599,22/06/2019,2,1,1.0,AV AVENIDA CIUDAD DE QUITO-CL 20 2,14
10488601,24/06/2019,2,1,1.0,KR 14-CL 72A S 2,5
10488864,25/06/2019,3,1,4.0,AK 45-CL 192 2,1
10489071,27/06/2019,2,2,,AK 14-CL 92C S 2,5
10489177,28/06/2019,2,1,1.0,CL 55-KR 103 S 02,7
10489309,29/06/2019,3,1,1.0,KR 68D-CL 22 2,9
10489329,29/06/2019,3,1,1.0,KR 86-CL 89 2,10
10489259,30/06/2019,2,2,,KR 105B-CL 69 S 2,7
10489403,30/06/2019,3,1,1.0,KR 13-CL 64 02,2
10489584,02/07/2019,3,1,1.0,AV AVENIDA CIUDAD DE CALI-AC 74BIS 2,10
10489552,03/07/2019,2,1,1.0,TR 28-DG 59C S 2,19
10489656,04/07/2019,3,1,1.0,CL 65-KR 73D S 2,19
10490351,10/07/2019,3,1,1.0,KR 29B-CL 67 02,12
10490414,11/07/2019,2,1,1.0,CL 74-KR 12 S 30,5
10490279,11/07/2019,2,3,,KR 30-CL 71 26,12
10490592,13/07/2019,3,1,1.0,AV AVENIDA CARACAS-AC 71 S 2,5
10490684,15/07/2019,3,1,4.0,KR 104-CL 132BBIS 2,11
10490672,16/07/2019,1,2,,KR 12C-CL 32C S 31,18
10490961,17/07/2019,3,1,1.0,KR 47-CL 106A 2,11
10490955,18/07/2019,1,1,1.0,KR 100-CL 22K 02,9
10491068,19/07/2019,2,1,1.0,CL 8-KR 31D S 02,16
10491556,21/07/2019,3,1,1.0,CL 12-KR 36 02,16
10491241,22/07/2019,2,1,1.0,CL 12-KR 74 02,8
10491358,22/07/2019,3,1,1.0,DG 34-KR 5 02,3
10491320,22/07/2019,3,1,1.0,AK 30-CL 13 2,16
10491462,23/07/2019,3,1,1.0,AK 30-CL 26 2,13
10491783,26/07/2019,2,1,1.0,KR 26-CL 94A 02,12
10491767,26/07/2019,2,2,,KR 140C-CL 132A 66,11
10492006,27/07/2019,2,1,1.0,KR 88C-CL 51A S 02,7
10492094,28/07/2019,3,1,1.0,KR 14-CL 37 S 02,18
10492092,28/07/2019,3,1,1.0,CL 39-KR 68GBIS S 2,8
10492158,29/07/2019,2,2,,KR 80-CL 45A S 02,8
10492177,30/07/2019,2,2,,CL 83-KR 95D 02,10
10492263,31/07/2019,2,1,1.0,KR 68-CL 17 S 02,16
10492523,02/08/2019,2,1,1.0,AV AVENIDA CIUDAD DE CALI-CL 41 05,8
10492601,02/08/2019,3,1,1.0,CL 6-KR 27 29,14
10492504,02/08/2019,2,1,1.0,KR 7-CL 89 02,2
10492745,04/08/2019,3,1,1.0,CL 161-KR 8F 02,1
10492754,05/08/2019,3,1,1.0,AV AVENIDA BOYACA-CL 127B 02,11
10493203,08/08/2019,3,1,1.0,KR 20A-CL 172 2,1
10493160,10/08/2019,2,1,1.0,CL 63-KR 93 02,10
10493387,10/08/2019,3,1,1.0,KR 68-CL 3 2,16
10493566,13/08/2019,2,2,,CL 60-KR 9 2,2
10494502,18/08/2019,3,1,1.0,KR 30-CL 38A S 02,16
10494382,21/08/2019,3,1,1.0,KR 30-CL 45A 02,13
10494438,21/08/2019,3,1,1.0,CL 72-KR 102 2,10
10494759,22/08/2019,3,1,1.0,CL 34-KR 5 90,3
10494523,23/08/2019,2,1,1.0,AV AVENIDA CIUDAD DE VILLAVICENCIO-AV AVENIDA PRIMERO DE MAYO 2,8
10494592,23/08/2019,2,2,,CL 48-KR 25 S 2,6
10494801,24/08/2019,3,1,1.0,CL 192-KR 9 20,1
10494977,26/08/2019,3,1,1.0,CL 116-KR 9 75,1
10495127,27/08/2019,3,1,1.0,CL 53-KR 60 2,13
10495148,28/08/2019,3,1,4.0,KR 60-CL 62 02,13
10495067,29/08/2019,2,4,,CL 48C-KR 5P S 2,18
10495214,29/08/2019,2,1,1.0,CL 100-KR 57 2,12
10495270,30/08/2019,2,1,1.0,CL 44-KR 25A S 02,18
10495254,30/08/2019,3,1,1.0,DG 2-AK 78 2,8
10495478,31/08/2019,3,1,1.0,DG 73F-KR 79C S 17,7
10495728,04/09/2019,2,1,1.0,CL 24-KR 70B S 2,8
10495934,04/09/2019,3,1,1.0,KR 68D-CL 13 02,9
10495912,04/09/2019,3,1,1.0,CL 12-KR 15 43,14
10496058,06/09/2019,3,1,1.0,CL 79-KR 113A 02,10
10496166,06/09/2019,3,1,1.0,TR 85G-CL 24C 59,9
10496465,09/09/2019,3,1,1.0,CL 74-KR 27A 2,13
10496425,09/09/2019,3,1,1.0,KR 19A-CL 134A 2,1
10496648,11/09/2019,3,1,1.0,CL 22-KR 6 S 02,4
10496595,11/09/2019,3,1,1.0,KR 103A-CL 22 02,9
10497039,16/09/2019,2,1,1.0,KR 10-CL 14 S 2,4
10497191,16/09/2019,2,2,,CL 26-KR 73 S 02,8
10497150,16/09/2019,3,1,1.0,AV AVENIDA DEL SUR-CL 62G 2,7
10497382,17/09/2019,2,2,,CL 100-KR 21 02,1
10497274,18/09/2019,2,1,1.0,CL 73-KR 18BBIS S 2,19
10497405,19/09/2019,3,1,4.0,TR 69B-CL 9D 40,8
10497536,20/09/2019,3,1,1.0,KR 45-CL 209 2,1
10497660,21/09/2019,3,1,1.0,AV AVENIDA BOYACA-CL 25 2,9
10497819,22/09/2019,2,1,4.0,AV AVENIDA CIUDAD DE CALI-AC 12 2,8
10498293,22/09/2019,3,1,1.0,CL 19-KR 36 2,16
10497917,24/09/2019,3,1,1.0,AV AVENIDA DEL SUR-CL 63 S 2,7
10497870,24/09/2019,2,2,,CL 45A-KR 59A S 2,6
10497925,24/09/2019,3,1,1.0,AV AVENIDA SUBA-CL 127 02,11
10498028,25/09/2019,3,1,1.0,AV AVENIDA CIUDAD DE CALI-CL 52 S 02,7
10498275,27/09/2019,3,1,1.0,CL 68B-KR 74A 2,10
10498412,28/09/2019,3,1,1.0,AV AVENIDA PASEO DE LOS LIBERTADORES-CL 182 02,1
10498326,28/09/2019,3,1,1.0,CL 116-KR 50 2,11
10498692,02/10/2019,3,1,1.0,KR 7-CL 195 02,1
10498903,04/10/2019,3,1,1.0,CL 129-KR 7BBIS 02,1
10499020,04/10/2019,3,1,1.0,CL 32-KR 8 S 2,4
10498938,05/10/2019,2,1,1.0,CL 1F-KR 32B 2,16
10499140,06/10/2019,3,1,1.0,CL 72-KR 70 02,10
10499204,07/10/2019,3,1,1.0,KR 68-CL 19 02,16
10499707,11/10/2019,3,1,1.0,CL 94C-KR 57 02,12
10499727,11/10/2019,3,1,1.0,KR 7-CL 73 02,2
10499873,13/10/2019,3,1,1.0,KR 11-CL 84 2,2
10499896,15/10/2019,3,1,1.0,AV AVENIDA CIUDAD DE CALI-CL 12 02,8
10500001,15/10/2019,3,1,1.0,KR 7-CL 94 02,2
10500235,18/10/2019,2,1,1.0,KR 86-CL 53 S 2,7
10500264,18/10/2019,1,2,,AV AVENIDA CUIDAD DE VILLAVICENCIO-KR 43 2,19
10500270,19/10/2019,2,2,,KR 30-CL 24 02,14
10500247,19/10/2019,2,1,1.0,KR 86-CL 24 2,9
10500662,22/10/2019,2,2,,KR 106-CL 75B 2,10
10500556,22/10/2019,3,1,1.0,KR 24-CL 1 2,14
10500618,23/10/2019,3,1,1.0,AV AVENIDA CARACAS-KR 31B 2,3
10500942,25/10/2019,3,1,1.0,KR 7-CL 123 2,1
10501370,26/10/2019,3,1,1.0,CL 181C-KR 11 29,1
10500973,26/10/2019,3,1,1.0,KR 86F-CL 42A S 22,8
10501157,28/10/2019,2,1,1.0,DG 183A-KR 4 02,1
10501724,01/11/2019,3,1,1.0,KR 73-CL 1 2,8
10501889,02/11/2019,3,1,1.0,CL 43-KR 81B S 2,8
10501996,05/11/2019,3,1,1.0,CL 24-KR 43 02,13
10501765,05/11/2019,2,1,1.0,AK 68-CL 39I S 25,16
10502126,07/11/2019,3,3,,KR 160-CL 138A 2,11
10502184,07/11/2019,3,1,1.0,CL 9-KR 72B 02,8
10502290,08/11/2019,2,1,1.0,CL 132D-KR 140 02,11
10502491,10/11/2019,3,1,1.0,CL 62D-KR 72 S 02,19
10502432,12/11/2019,2,1,1.0,CL 46-KR 13G S 02,18
10502922,14/11/2019,3,1,1.0,CL 3-KR 10 2,17
10502825,15/11/2019,2,1,1.0,AV AVENIDA DE LAS AMERICAS-KR 43 02,16
10503017,16/11/2019,3,1,1.0,KR 76-CL 140 12,11
10503142,18/11/2019,3,1,1.0,AV AVENIDA DEL SUR-KR 71 02,7
10503318,19/11/2019,2,6,,CL 80-KR 69R 02,10
10503316,19/11/2019,2,2,,KR 92-CL 65 S 2,7
10503776,24/11/2019,3,1,1.0,KR 54-CL 47A S 02,6
10503659,25/11/2019,2,3,,CL 170-KR 49 02,11
10503824,25/11/2019,3,1,1.0,KR 14D-CL 33BIS S 02,18
10503808,25/11/2019,3,1,1.0,AV AVENIDA BOYACA-CL 9 02,8
10504084,28/11/2019,2,4,,AC 13-KR 116 02,9
10504252,29/11/2019,3,1,1.0,KR 72-CL 2A S 2,8
10504316,29/11/2019,3,1,1.0,AV AVENIDA BOYACA-CL 167 02,11
10504072,29/11/2019,2,1,1.0,KR 14-CL 57 02,13
10504384,30/11/2019,3,1,1.0,CL 5A-KR 59 02,16
10504389,30/11/2019,3,1,1.0,KR 45-CL 245 02,1
10504217,01/12/2019,2,1,1.0,CL 167-KR 48 2,11
10504588,02/12/2019,3,1,1.0,CL 17-KR 104B 02,9
10504524,02/12/2019,3,1,1.0,AV AVENIDA CARACAS-AC 13 2,3
10504364,02/12/2019,2,2,,DG 51A-KR 31 S 2,18
10504687,03/12/2019,3,1,1.0,KR 71DBIS-CL 6 S 2,8
10504735,03/12/2019,3,1,1.0,CL 93-KR 18 2,2
10504546,03/12/2019,3,1,1.0,CL 27A-KR 8A S 2,4
10505009,06/12/2019,3,1,1.0,KR 20-CL 80BIS 2,12
10505303,09/12/2019,3,1,1.0,AC 24-KR 81C 2,9
10505338,09/12/2019,3,1,1.0,KR 50-CL 17 02,16
10505339,09/12/2019,3,1,1.0,CL 63-KR 93 2,10
10505347,09/12/2019,3,1,1.0,AV AVENIDA BOYACA-CL 70 2,10
10505857,13/12/2019,3,1,1.0,KR 45-CL 176 2,1
10505933,14/12/2019,3,1,1.0,CL 17A-KR 57 41,16
10505950,15/12/2019,3,1,1.0,CL 13-KR 128 2,9
10505609,15/12/2019,2,1,1.0,AV AVENIDA CIUDAD DE VILLAVICENCIO-AV AVENIDA PRIMERA DE MAYO 02,8
10506189,17/12/2019,3,1,1.0,AV AVENIDA CIUDAD DE CALI-CL 42A S 02,8
10506167,17/12/2019,3,1,1.0,KR 86-CL 64F 2,10
10505884,17/12/2019,2,1,1.0,KR 89-CL 58A S 2,7
10506353,20/12/2019,2,1,1.0,AV AVENIDA PRIMERA DE MAYO-CL 46A S 02,8
10507446,20/12/2019,3,1,1.0,KR 86-CL 72 2,10
10506937,23/12/2019,3,1,1.0,KR 14-CL 76 S 02,5
10506838,23/12/2019,3,1,4.0,CL 48TBIS-KR 2F S 2,18
10507136,26/12/2019,3,1,1.0,CL 26-KR 38A 02,13
10506882,26/12/2019,2,1,1.0,AV AVENIDA BOYACA-CL 19 2,9
10507400,31/12/2019,3,1,1.0,AV AVENIDA SUBA-KR 103 2,11
10507624,03/01/2020,3,1,1.0,CL 22C-KR 68F 02,9
10507723,07/01/2020,3,1,1.0,AV AVENIDA DE LAS AMERICAS-KR 80 2,8
10507785,08/01/2020,2,2,,AV AVENIDA DEL SUR-KR 50 02,16
10508005,10/01/2020,2,3,,KR 30-CL 49A 10,13
10509816,11/01/2020,3,1,1.0,CL 63-KR 96 02,10
10508147,13/01/2020,3,1,1.0,AV AVENIDA CIUDAD DE CALI-CL 26 02,9
10508190,13/01/2020,2,3,,KR 22-CL 48C S 02,6
10509831,15/01/2020,3,1,1.0,CL 52A-KR 85B 02,10
10508744,19/01/2020,3,1,1.0,CL 9-KR 81A 26,8
10508538,20/01/2020,2,1,1.0,KR 24-CL 63 02,13
10508931,22/01/2020,2,1,1.0,CL 6-KR 14 02,14
10508935,23/01/2020,2,2,,KR 30-CL 63F 02,12
10509164,24/01/2020,3,1,1.0,CL 116-KR 70C 04,11
10509367,25/01/2020,3,1,1.0,AV AVENIDA DEL SUR-KR 63 40,6
10509607,30/01/2020,3,1,1.0,KR 15-CL 127 02,1
10509918,01/02/2020,3,1,1.0,KR 25-CL 51A S 2,6
10510023,01/02/2020,3,1,1.0,KR 59-CL 131 02,11
10510156,05/02/2020,3,1,1.0,KR 13-CL 140 02,1
10510929,07/02/2020,3,1,1.0,CL 62-KR 87 S 2,7
10510633,08/02/2020,3,1,1.0,CL 66-KR 74B 33,10
10510641,08/02/2020,3,1,1.0,CL 45A-KR 53N S 59,6
10510622,11/02/2020,2,4,,AV AVENIDA CIUDAD DE QUITO-CL 45A 2,13
10510895,12/02/2020,2,1,1.0,CL 91-KR 5A S 2,5
10511078,13/02/2020,3,1,1.0,KR 70-CL 72 02,10
10511261,16/02/2020,3,1,1.0,KR 11-CL 82 2,2
10511251,17/02/2020,2,1,1.0,CL 128A-KR 91B 2,11
10512872,18/02/2020,3,1,1.0,AK 45-CL 100 2,1
10511447,19/02/2020,2,1,1.0,CL 6-KR 72C 2,8
10511697,21/02/2020,3,1,1.0,KR 114-CL 80 02,10
10512036,23/02/2020,3,1,1.0,CL 57R-KR 63 S 2,7
10512075,26/02/2020,3,1,1.0,AK 45-CL 223 2,1
10512301,28/02/2020,2,1,1.0,CL 142-KR 13 60,1
10512530,28/02/2020,3,1,1.0,CL 147-KR 95 28,11
10512587,29/02/2020,3,1,1.0,KR 86-CL 55 S 02,7
10512754,02/03/2020,3,1,1.0,CL 63-KR 97 02,10
10512916,03/03/2020,3,1,1.0,KR 6-CL 54 2,2
10512788,03/03/2020,3,1,1.0,KR 45-CL 222 2,1
10512856,03/03/2020,2,1,1.0,KR 65-CL 12 2,16
10512973,05/03/2020,2,1,1.0,KR 19-CL 67 2,12
10513065,05/03/2020,3,1,1.0,AV AVENIDA CIUDAD DE CALI-KR 93 02,11
10513079,05/03/2020,3,1,1.0,CL 63-KR 60 2,12
10513179,05/03/2020,3,1,1.0,CL 9-KR 72B 02,8
10512964,05/03/2020,2,2,,CL 136-KR 3A S 48,5
10513130,06/03/2020,2,1,1.0,KR 72-CL 2 2,8
10513250,07/03/2020,2,1,1.0,CL 78-KR 80J S 2,7
10513486,08/03/2020,3,1,1.0,KR 62B-CL 57D S 02,19
10513502,10/03/2020,3,1,1.0,KR 54-CL 64A 45,12
10513738,12/03/2020,3,1,1.0,CL 13-KR 86 2,9
10514758,18/03/2020,2,1,1.0,AV AVENIDA CIRCUNVALAR-CL 32 02,3
10514263,18/03/2020,3,1,1.0,AV AVENIDA DE LAS AMERICAS-KR 32A 2,16
10514396,19/03/2020,2,1,1.0,KR 48-CL 100 02,12
10514692,25/03/2020,3,1,1.0,CL 1-KR 13A 38,3
10521197,26/03/2020,3,1,1.0,KR 27-CL 3 02,14
10514398,06/04/2020,2,3,,CL 26-KR 33 2,13
10514501,13/04/2020,2,1,1.0,KR 1-CL 84 S 2,5
10514513,15/04/2020,2,1,1.0,KR 45-CL 159 2,1
10514590,20/04/2020,2,1,1.0,AV AVENIDA CIUDAD DE CALI-CL 6D 02,8
10514996,21/04/2020,3,1,1.0,KR 72-CL 7 02,8
10515047,25/04/2020,2,1,1.0,KR 79-CL 26 S 78,9
10515007,25/04/2020,3,1,1.0,CL 13B-KR 81 89,8
10515262,02/05/2020,3,1,4.0,KR 7-CL 34 02,3
10515367,04/05/2020,3,1,1.0,DG 20-KR 22 S 02,15
10515244,04/05/2020,2,1,1.0,CL 163-KR 11 2,1
10515370,07/05/2020,3,1,4.0,KR 88B-CL 52 S 69,7
10515683,10/05/2020,3,1,4.0,CL 64F-KR 111 65,10
10515480,11/05/2020,2,1,1.0,TR 21A-CL 22A S 02,15
10515466,11/05/2020,2,1,1.0,CL 6-KR 86 02,8
10515687,11/05/2020,3,1,1.0,KR 59-CL 24 2,13
10515783,12/05/2020,3,1,1.0,KR 27-CL 75A 2,12
10515798,18/05/2020,3,1,1.0,AV AVENIDA BOYACA-CL 8 02,8
10515738,20/05/2020,2,1,1.0,CL 127A-KR 78 2,11
10516012,24/05/2020,3,1,1.0,KR 91-CL 97 2,10
10516364,26/05/2020,3,1,1.0,CL 12B-KR 9 2,17
10516188,27/05/2020,3,1,1.0,KR 68-CL 17 2,16
10516628,01/06/2020,3,1,1.0,CL 59-KR 78H S 02,7
10516186,02/06/2020,2,1,1.0,AV AVENIDA CARACAS-AC 33 S 2,18
10516949,05/06/2020,3,1,1.0,KR 30-CL 11 S 2,16
10517015,07/06/2020,3,1,1.0,AV AVENIDA BOYACA-KR 24 02,6
10517135,09/06/2020,3,1,1.0,CL 27-KR 6 S 2,4
10516689,11/06/2020,2,1,1.0,AC 6-KR 49 33,16
10516742,12/06/2020,2,1,1.0,CL 1G-KR 28 02,14
10517683,13/06/2020,3,1,1.0,CL 76A-KR 90BIS 02,10
10517036,16/06/2020,3,1,1.0,KR 30-CL 45 30,13
10516932,19/06/2020,2,1,1.0,KR 85A-CL 44 S 09,8
10518954,20/06/2020,3,1,1.0,CL 64B-KR 17B S 02,19
10520774,27/06/2020,3,1,1.0,CL 54-KR 37A 02,6
10517372,28/06/2020,2,2,,CL 68-KR 51 S 2,19
10521127,30/06/2020,3,1,1.0,CL 151-KR 13 50,1
10517629,05/07/2020,2,1,1.0,AC 127-KR 93 2,11
10521449,05/07/2020,3,1,1.0,AV AVENIDA BOYACA-CL 39B S 02,8
10519091,06/07/2020,3,1,1.0,KR 86-CL 53A S 02,7
10522084,08/07/2020,3,1,1.0,KR 18-CL 11 38,14
10517891,11/07/2020,2,2,,CL 133-KR 156A 2,11
10520469,19/07/2020,3,1,1.0,AV AVENIDA CIUDAD DE CALI-CL 34 S 02,8
10521978,21/07/2020,3,1,4.0,CL 73A-KR 49C S 03,19
10518123,21/07/2020,2,1,1.0,KR 72-CL 8 02,8
10518127,23/07/2020,3,1,1.0,CL 6D-KR 87 02,8
10520736,24/07/2020,2,1,1.0,CL 17-KR 6 S 02,4
10518279,28/07/2020,2,1,1.0,KR 80-CL 2 51,8
10523157,29/07/2020,3,1,1.0,CL 57R-KR 75 S 02,7
10518306,30/07/2020,2,2,,CL 52A-KR 0 SE 41,18
10518369,01/08/2020,2,1,1.0,AV AVENIDA PRIMERA DE MAYO-KR 12D 02,15
10522609,02/08/2020,3,1,1.0,KR 30-CL 3 02,16
10518603,05/08/2020,2,1,1.0,KR 68-CL 76A 02,12
10518448,05/08/2020,2,1,1.0,KR 92-CL 165 34,11
10518547,06/08/2020,2,1,1.0,CL 139-TR 127 2,11
10518536,08/08/2020,2,1,1.0,KR 7-CL 146 02,1
10518626,10/08/2020,2,3,,CL 24-KR 95A 2,9
10518656,12/08/2020,2,1,1.0,KR 15-CL 87 2,2
10520788,12/08/2020,3,1,1.0,KR 7-CL 146 02,1
10520796,12/08/2020,3,1,1.0,CL 53-KR 25 53,13
10518777,15/08/2020,2,1,1.0,AV AVENIDA CIUDAD DE CALI-CL 33 S 44,8
10518708,18/08/2020,2,1,1.0,KR 72G-CL 39I S 02,8
10521585,18/08/2020,3,1,1.0,KR 81J-CL 46 02,8
10535463,19/08/2020,3,1,1.0,CL 140 - KR 15  02,1
10523605,20/08/2020,3,1,1.0,KR 52-CL 38 S 02,16
10523599,21/08/2020,3,1,1.0,KR 51-CL 58A S 02,19
10519018,24/08/2020,2,1,1.0,AV AVENIDA BOYACA-KR 24 02,6
10519112,25/08/2020,2,2,,KR 15-CL 6A ES 12,4
10524086,28/08/2020,3,1,1.0,CL 33-KR 15 S 02,15
10519175,28/08/2020,2,1,1.0,AV AVENIDA CIUDAD DE VILLAVICENCIO-KR 78 02,8
10524212,04/09/2020,3,1,1.0,CL 165-KR 8 02,1
10522000,05/09/2020,2,1,1.0,CL 71C-KR 78C S 02,7
10533428,08/09/2020,2,1,1.0,KR 58 - CL 129  02,11
10519289,09/09/2020,2,2,,KR 5D-CL 188C 02,1
10519488,10/09/2020,2,2,,KR 10-CL 32 S 2,4
10520007,10/09/2020,3,1,1.0,KR 45-CL 200 02,1
10519390,10/09/2020,2,1,1.0,CL 163B-KR 48 02,11
10519441,12/09/2020,2,2,,KR 83-CL 71B 02,10
10519688,15/09/2020,3,3,,CL 80-KR 69 2,10
10520309,18/09/2020,3,1,1.0,KR 35A-CL 53A S 02,6
10521083,25/09/2020,2,1,1.0,CL 68-KR 29A 02,12
10520867,25/09/2020,2,1,1.0,CL 24-KR 123B 02,9
10521845,01/10/2020,2,1,1.0,KR 30-CL 2C 02,14
10522135,01/10/2020,3,1,1.0,KR 24-CL 1F 02,14
10521890,02/10/2020,2,1,1.0,CL 66A-KR 86 02,10
10523527,10/10/2020,3,1,1.0,CL 60-KR 77G S 02,7
10523874,10/10/2020,3,1,1.0,CL 26-KR 68C 2,9
10524255,14/10/2020,3,1,1.0,KR 106-CL 15A 2,9
10524481,15/10/2020,3,1,1.0,KR 30-CL 72 02,12
10524095,18/10/2020,2,1,1.0,KR 124-CL 130F 02,11
10524106,19/10/2020,2,2,,KR 17DBIS-DG 64ABIS S 02,19
10525117,24/10/2020,3,1,1.0,AV AVENIDA DEL SUR-CL 59A S 50,19
10525212,25/10/2020,3,1,1.0,CL 186-KR 8C 02,1
10525252,26/10/2020,3,1,1.0,CL 183-KR 16 02,1
10525406,28/10/2020,3,1,1.0,CL 13-KR 108 02,9
10525434,29/10/2020,3,1,1.0,KR 52A-CL 26 S 02,16
10525463,29/10/2020,3,1,1.0,CL 116-KR 71C 02,11
10525473,30/10/2020,2,4,,KR 68-CL 99A 02,12
10525585,30/10/2020,2,1,1.0,KR 19-CL 63C 02,12
10525508,30/10/2020,3,1,1.0,KR 86-CL 14 02,8
10525825,01/11/2020,3,1,1.0,KR 93D-CL 71 S 49,7
10525796,01/11/2020,3,1,1.0,CL 57R-KR 64 S 02,6
10525676,03/11/2020,2,1,1.0,AV AVENIDA BOYACA-DG 51 S 02,6
10526039,05/11/2020,2,1,1.0,TR 34-CL 75B S 33,19
10526264,08/11/2020,2,1,1.0,KR 7-CL 53 02,2
10533625,10/11/2020,2,1,1.0,TV 42 - CL 12 B  02,16
10526410,10/11/2020,2,1,1.0,CL 62-KR 19G S 02,19
10526434,11/11/2020,2,4,,KR 72-CL 12B 02,8
10526946,16/11/2020,3,1,1.0,CL 56A-KR 25 S 02,19
10527025,17/11/2020,3,1,1.0,KR 18V-CL 68C S 02,19
10527022,18/11/2020,3,1,1.0,CL 80-KR 72 02,10
10527191,19/11/2020,3,1,1.0,CL 26-KR 84 02,9
10527046,20/11/2020,2,1,1.0,CL 138-KR 72 02,11
10527728,26/11/2020,3,1,1.0,KR 68-CL 44 02,13
10533129,30/11/2020,2,1,1.0,CL 1 G - KR 26 A  02,15
10528395,04/12/2020,3,1,1.0,KR 45-CL 94 02,2
10528544,04/12/2020,3,1,1.0,CL 81-KR 6 S 02,5
10528612,04/12/2020,3,1,1.0,KR 7-CL 148 02,1
10528420,04/12/2020,3,1,1.0,KR 110-CL 79A 02,10
10533127,05/12/2020,2,1,1.0,CL 5 S- KR 11  S 24,15
10528527,06/12/2020,3,1,1.0,KR 17-CL 59 02,13
10528726,08/12/2020,3,1,1.0,AV AVENIDA BOYACA-CL 9 02,8
10528758,09/12/2020,3,1,1.0,CL 11-KR 4 SE 02,4
10529347,09/12/2020,3,1,4.0,KR 7-CL 222 02,1
10528922,13/12/2020,2,1,1.0,CL 139-KR 103C 99,11
10529122,13/12/2020,3,1,1.0,CL 17-KR 137A 02,9
10529276,15/12/2020,3,1,1.0,KR 68-CL 78 02,12
10529408,17/12/2020,3,1,4.0,KR 60-CL 9 02,16
10529684,18/12/2020,3,1,1.0,CL 12A-KR 42B 02,16
10529511,19/12/2020,3,1,1.0,KR 80-CL 2 51,8
10529639,21/12/2020,3,1,1.0,KR 123-CL 17 02,9
10529718,22/12/2020,3,1,1.0,KR 30-CL 40A 02,13
10530144,22/12/2020,3,1,1.0,DG 45A-KR 60F S 02,6
10530133,24/12/2020,3,1,1.0,KR 30-CL 15 02,16
10529963,24/12/2020,2,1,1.0,AK 30-CL 27 S 46,15
